Name,Height,Weight,Team,Age,Points,Blocks,Steals,Assists,Rebounds,FT%,FG%,PER,sqrt_rebound,mvp_index,defender_index,points_logistic,blocks_logistic,per_logistic,assist_logistic,steals_logistic,reb_logistic
James Harden,77,220,Houston Rockets,29,36.1,0.7,2,7.5,6.6,0.879,0.442,30.6,2.569046516,48.9884,12.9216,1,0,1,1,1,0
Giannis Antetokounmpo,83,242,Milwaukee Bucks,24,27.7,1.5,1.3,5.9,12.5,0.729,0.578,30.9,3.535533906,43.4528,15.9716,1,1,1,1,1,1
Joel Embiid,84,250,Philadelphia 76ers,24,27.5,1.9,0.7,3.7,13.6,0.804,0.484,26.1,3.687817783,42.1552,15.0316,1,1,1,0,0,1
LeBron James,80,250,Los Angeles Lakers,34,27.4,0.6,1.3,8.3,8.5,0.665,0.51,25.6,2.915475947,41.35,13.926,1,0,1,1,1,1
Russell Westbrook,75,200,Oklahoma City Thunder,30,22.9,0.5,1.9,10.7,11.1,0.656,0.428,21.1,3.33166625,40.8436,17.9224,1,0,1,1,1,1
Anthony Davis,82,253,New Orleans Pelicans,25,25.9,2.4,1.6,3.9,12,0.794,0.517,30.3,3.464101615,40.8344,15.4476,1,1,1,0,1,1
Paul George,81,220,Oklahoma City Thunder,28,28,0.4,2.2,4.1,8.2,0.839,0.438,23.3,2.863564213,39.6008,11.5456,1,0,1,1,1,1
Karl-Anthony Towns,84,248,Minnesota Timberwolves,23,24.4,1.6,0.9,3.4,12.4,0.836,0.518,26.3,3.521363372,38.0216,13.8944,1,1,1,0,0,1
Stephen Curry,75,190,Golden State Warriors,30,27.3,0.4,1.3,5.2,5.3,0.916,0.472,24.4,2.302172887,36.7852,9.4164,1,0,1,1,1,0
Kevin Durant,81,240,Golden State Warriors,30,26,1.1,0.7,5.9,6.4,0.885,0.521,24.2,2.529822128,36.6424,10.764,1,1,1,1,0,0
Kawhi Leonard,79,230,Toronto Raptors,27,26.6,0.4,1.8,3.3,7.3,0.854,0.496,25.8,2.701851217,36.64,9.9616,1,0,1,0,1,1
Devin Booker,78,210,Phoenix Suns,22,26.6,0.2,0.9,6.8,4.1,0.866,0.467,20.2,2.024845673,35.8032,9.0764,1,0,1,1,0,0
Damian Lillard,75,195,Portland Trail Blazers,28,25.8,0.4,1.1,6.9,4.6,0.912,0.444,23.7,2.144761059,35.7724,9.9148,1,0,1,1,1,0
Bradley Beal,77,207,Washington Wizards,25,25.6,0.7,1.5,5.5,5,0.808,0.475,20.8,2.236067977,35.4532,9.8732,1,0,1,1,1,0
Nikola Jokic,84,250,Denver Nuggets,23,20.1,0.7,1.4,7.3,10.8,0.821,0.511,26.3,3.286335345,35.1928,15.0984,1,0,1,1,1,1
Blake Griffin,82,250,Detroit Pistons,29,24.5,0.4,0.7,5.4,7.5,0.753,0.462,21,2.738612788,34.996,10.4312,1,0,1,1,0,1
Kemba Walker,73,184,Charlotte Hornets,28,25.6,0.4,1.2,5.9,4.4,0.844,0.434,21.7,2.097617696,34.8012,9.1476,1,0,1,1,1,0
Kyrie Irving,75,193,Boston Celtics,26,23.8,0.5,1.5,6.9,5,0.873,0.487,24.3,2.236067977,34.524,10.6792,1,0,1,1,1,0
Nikola Vucevic,84,260,Orlando Magic,28,20.8,1.1,1,3.8,12,0.789,0.518,25.5,3.464101615,34.1528,13.4756,1,1,1,0,0,1
Jrue Holiday,76,205,New Orleans Pelicans,28,21.2,0.8,1.6,7.7,5,0.768,0.472,19.4,2.236067977,32.746,11.5972,1,0,1,1,1,0
Luka Doncic,79,218,Dallas Mavericks,19,21.2,0.3,1.1,6,7.8,0.713,0.427,19.6,2.792848009,32.626,11.3452,1,0,1,1,1,1
Andre Drummond,83,279,Detroit Pistons,25,17.3,1.7,1.7,1.4,15.6,0.59,0.533,23.4,3.949683532,32.5392,15.536,1,1,1,0,1,1
Zach LaVine,77,200,Chicago Bulls,23,23.7,0.4,1,4.5,4.7,0.832,0.467,18.7,2.167948339,31.9396,8.1728,1,0,1,0,0,0
John Wall,76,210,Washington Wizards,28,20.7,0.9,1.5,8.7,3.6,0.697,0.444,18,1.897366596,31.8964,11.2888,1,0,1,1,1,0
Donovan Mitchell,75,215,Utah Jazz,22,23.8,0.4,1.4,4.2,4.1,0.806,0.432,17.2,2.024845673,31.7852,7.9324,1,0,1,0,1,0
DeMar DeRozan,79,220,San Antonio Spurs,29,21.2,0.5,1.1,6.2,6,0.83,0.481,19.6,2.449489743,31.7144,10.472,1,0,1,1,1,0
LaMarcus Aldridge,83,260,San Antonio Spurs,33,21.3,1.3,0.5,2.4,9.2,0.847,0.519,22.9,3.033150178,31.3764,10.2588,1,1,1,0,0,1
Julius Randle,81,250,New Orleans Pelicans,24,21.4,0.6,0.7,3.1,8.7,0.731,0.524,21,2.949576241,31.282,9.8524,1,0,1,0,0,1
Ben Simmons,82,230,Philadelphia 76ers,22,16.9,0.8,1.4,7.7,8.8,0.6,0.563,20,2.966479395,30.8752,13.99,1,0,1,1,1,1
D'Angelo Russell,77,198,Brooklyn Nets,22,21.1,0.2,1.2,7,3.9,0.78,0.434,19.4,1.974841766,30.5556,9.342,1,0,1,1,1,0
Mike Conley,73,175,Memphis Grizzlies,31,21.1,0.3,1.3,6.4,3.4,0.845,0.438,21.4,1.843908891,29.9832,8.798,1,0,1,1,1,0
Rudy Gobert,85,245,Utah Jazz,26,15.9,2.3,0.8,2,12.9,0.636,0.669,24.6,3.591656999,29.262,13.7844,1,1,1,0,0,1
John Collins,82,235,Atlanta Hawks,21,19.5,0.6,0.4,2,9.8,0.763,0.56,21.8,3.130495168,29.1092,9.5652,1,0,1,0,0,1
Tobias Harris,81,235,Philadelphia 76ers,26,20,0.5,0.6,2.8,7.9,0.866,0.487,17.2,2.810693865,28.9812,8.9364,1,0,1,0,0,1
Trae Young,74,180,Atlanta Hawks,20,19.1,0.2,0.9,8.1,3.7,0.829,0.418,17,1.923538406,28.8988,9.6916,1,0,1,1,0,0
Clint Capela,82,240,Houston Rockets,24,16.6,1.5,0.7,1.4,12.7,0.636,0.648,23.8,3.563705936,28.7336,12.3244,1,1,1,0,0,1
Victor Oladipo,76,210,Indiana Pacers,26,18.8,0.3,1.7,5.2,5.6,0.73,0.423,17.6,2.366431913,28.7312,9.852,1,0,1,1,1,0
JaKarr Sampson,81,214,Chicago Bulls,25,20,0.8,1,1,8,0.81,0.537,22.5,2.828427125,28.3988,8.424,1,0,1,0,0,1
Jimmy Butler,80,232,Philadelphia 76ers,29,18.7,0.6,1.9,4,5.3,0.855,0.462,20.2,2.302172887,28.0568,9.352,1,0,1,0,1,0
Klay Thompson,79,215,Golden State Warriors,28,21.5,0.6,1.1,2.4,3.8,0.816,0.467,16.6,1.949358869,27.8732,6.3664,1,0,1,0,1,0
Lauri Markkanen,84,240,Chicago Bulls,21,18.7,0.6,0.7,1.4,9,0.872,0.43,17.1,3,27.6208,8.9288,1,0,1,0,0,1
Jusuf Nurkic,84,275,Portland Trail Blazers,24,15.6,1.4,1,3.2,10.4,0.773,0.508,23.4,3.224903099,27.6124,12.2292,1,1,1,0,0,1
De'Aaron Fox,75,175,Sacramento Kings,21,17.3,0.6,1.6,7.3,3.8,0.727,0.458,18.1,1.949358869,27.564,10.2608,1,0,1,1,1,0
CJ McCollum,75,190,Portland Trail Blazers,27,21,0.4,0.8,3,4,0.828,0.459,17,2,27.4948,6.4312,1,0,1,0,0,0
Buddy Hield,76,214,Sacramento Kings,26,20.7,0.4,0.7,2.5,5,0.886,0.458,17.5,2.236067977,27.4676,6.7044,1,0,1,0,0,0
DeMarcus Cousins,83,270,Golden State Warriors,28,16.3,1.5,1.3,3.6,8.2,0.736,0.48,21.4,2.863564213,27.3964,11.3544,1,1,1,0,1,1
Danilo Gallinari,82,225,Los Angeles Clippers,30,19.8,0.3,0.7,2.6,6.1,0.904,0.463,21,2.469817807,27.3468,7.4516,1,0,1,0,0,0
Chris Paul,72,175,Houston Rockets,33,15.6,0.3,2,8.2,4.6,0.862,0.419,19.7,2.144761059,27.2824,11.6048,1,0,1,1,1,0
Lou Williams,73,175,Los Angeles Clippers,32,20,0.1,0.8,5.4,3,0.876,0.425,21.2,1.732050808,27.2704,7.1304,1,0,1,1,0,0
Kevin Love,82,251,Cleveland Cavaliers,30,17,0.2,0.3,2.2,10.9,0.904,0.385,19.5,3.301514804,27.1256,10.0316,1,0,1,0,0,1
Khris Middleton,80,222,Milwaukee Bucks,27,18.3,0.1,1,4.3,6,0.837,0.441,16.5,2.449489743,27.0912,8.6448,1,0,1,0,0,0
Deandre Ayton,85,250,Phoenix Suns,20,16.3,0.9,0.9,1.8,10.3,0.746,0.585,20.5,3.209361307,26.8324,10.5684,1,0,1,0,0,1
Jamal Murray,76,207,Denver Nuggets,21,18.2,0.4,0.9,4.8,4.2,0.848,0.437,16,2.049390153,26.194,7.9392,1,0,1,0,0,0
Kyle Lowry,73,196,Toronto Raptors,32,14.2,0.5,1.4,8.7,4.8,0.83,0.411,16.5,2.19089023,25.8964,11.682,1,0,1,1,1,0
Pascal Siakam,81,230,Toronto Raptors,24,16.9,0.7,0.9,3.1,6.9,0.785,0.549,18.7,2.626785107,25.8236,8.914,1,0,1,0,0,0
Kyle Kuzma,81,220,Los Angeles Lakers,23,18.7,0.4,0.6,2.5,5.5,0.752,0.456,14,2.34520788,25.6632,6.9008,1,0,0,0,0,0
Aaron Gordon,81,220,Orlando Magic,23,16,0.7,0.7,3.7,7.4,0.731,0.449,15.1,2.720294102,25.432,9.4624,1,0,1,0,0,1
Brandon Ingram,81,190,Los Angeles Lakers,21,18.3,0.6,0.5,3,5.1,0.675,0.497,13.4,2.258317958,25.3588,7.04,1,0,0,0,0,0
Eric Bledsoe,73,205,Milwaukee Bucks,29,15.9,0.4,1.5,5.5,4.6,0.75,0.484,19.3,2.144761059,25.2436,9.27,1,0,1,1,1,0
Andrew Wiggins,80,194,Minnesota Timberwolves,23,18.1,0.7,1,2.5,4.8,0.699,0.412,12.4,2.19089023,25.1444,7.0896,1,0,0,0,0,0
Montrezl Harrell,80,240,Los Angeles Clippers,25,16.6,1.3,0.9,2,6.5,0.643,0.615,23.4,2.549509757,24.8632,8.4072,1,1,1,0,0,0
Marc Gasol,85,255,Toronto Raptors,34,13.6,1.1,1.1,4.4,7.9,0.759,0.448,16.7,2.810693865,24.5628,11.1136,1,1,1,0,1,1
Jonas Valanciunas,84,265,Memphis Grizzlies,26,15.6,1.1,0.4,1.4,8.6,0.795,0.559,24.4,2.93257566,24.3116,8.818,1,1,1,0,0,1
Steven Adams,84,265,Oklahoma City Thunder,25,13.9,1,1.5,1.6,9.5,0.5,0.595,18.5,3.082207001,24.308,10.47,1,0,1,0,1,1
Derrick Rose,75,200,Minnesota Timberwolves,30,18,0.2,0.6,4.3,2.7,0.856,0.482,19.5,1.643167673,24.1752,6.0424,1,0,1,0,0,0
T.J. Warren,80,215,Phoenix Suns,25,18,0.7,1.2,1.5,4,0.815,0.486,16.3,2,24.0604,6.076,1,0,1,0,1,0
Domantas Sabonis,83,240,Indiana Pacers,22,14.1,0.4,0.6,2.9,9.3,0.715,0.59,21.9,3.049590136,24.042,9.826,1,0,1,0,0,1
Josh Richardson,78,200,Miami Heat,25,16.6,0.5,1.1,4.1,3.6,0.861,0.412,14,1.897366596,23.9492,7.3344,1,0,0,0,1,0
Bojan Bogdanovic,80,216,Indiana Pacers,29,18,0,0.9,2,4.1,0.807,0.497,16.1,2.024845673,23.6916,5.4928,1,0,1,0,0,0
DeAndre Jordan,83,265,New York Knicks,30,11,1.1,0.6,2.3,13.1,0.705,0.641,19,3.619392214,23.6884,12.762,1,1,1,0,0,1
Al Horford,82,245,Boston Celtics,32,13.6,1.3,0.9,4.2,6.7,0.821,0.535,20.2,2.588435821,23.5824,10.1584,1,1,1,0,0,0
Tim Hardaway Jr.,78,205,Dallas Mavericks,26,18.1,0.1,0.8,2.4,3.4,0.841,0.393,13.6,1.843908891,23.5236,5.2964,1,0,0,0,0,0
Jayson Tatum,80,208,Boston Celtics,20,15.7,0.7,1.1,2.1,6,0.855,0.45,15.1,2.449489743,23.482,7.812,1,0,1,0,1,0
Serge Ibaka,82,235,Toronto Raptors,29,15,1.4,0.4,1.3,8.1,0.763,0.529,18.7,2.846049894,23.4768,8.6852,1,1,1,0,0,1
Walt Lemon Jr.,75,180,,26,14.3,0.2,1.8,5,4.5,0.727,0.437,16.3,2.121320344,23.3556,8.9408,1,0,1,0,1,0
Hassan Whiteside,84,265,Miami Heat,29,12.3,1.9,0.6,0.8,11.3,0.449,0.571,23.5,3.361547263,23.108,11.1496,1,1,1,0,0,1
Enes Kanter,83,250,New York Knicks,26,13.7,0.4,0.5,1.7,9.8,0.787,0.549,22.3,3.130495168,23.0644,9.2648,1,0,1,0,0,1
Spencer Dinwiddie,78,210,Brooklyn Nets,25,16.8,0.3,0.6,4.6,2.4,0.806,0.442,16.3,1.549193338,23.0092,6.1224,1,0,1,0,0,0
Nikola Mirotic,82,250,Milwaukee Bucks,27,15.2,0.7,0.7,1.2,7.4,0.847,0.439,17.2,2.720294102,22.9244,7.7588,1,0,1,0,0,1
J.J. Redick,76,200,Philadelphia 76ers,34,18.1,0.2,0.4,2.7,2.4,0.894,0.44,15.1,1.549193338,22.7436,4.5276,1,0,1,0,0,0
Myles Turner,83,250,Indiana Pacers,22,13.3,2.7,0.8,1.6,7.2,0.736,0.487,18,2.683281573,22.6392,9.9544,1,1,1,0,0,1
Jeremy Lamb,77,185,Charlotte Hornets,26,15.3,0.4,1.1,2.2,5.5,0.888,0.44,17.3,2.34520788,22.6012,7.2452,1,0,1,0,1,0
Marvin Bagley III,83,234,Sacramento Kings,19,14.9,1,0.5,1,7.6,0.691,0.504,18.9,2.75680975,22.598,7.7964,1,0,1,0,0,1
R.J. Hunter,77,185,,25,17,0,1,3,3,0.5,0.462,21.5,1.732050808,22.5848,5.4,1,0,1,0,0,0
Malcolm Brogdon,77,229,Milwaukee Bucks,26,15.6,0.2,0.7,3.2,4.5,0.928,0.505,17.8,2.121320344,22.4032,6.6612,1,0,1,0,0,0
Dwyane Wade,76,220,Miami Heat,37,15,0.5,0.8,4.2,4,0.708,0.433,15.8,2,22.3464,7.3232,1,0,1,0,0,0
Jabari Parker,80,245,Washington Wizards,23,14.5,0.5,0.7,2.4,6.6,0.712,0.493,15.5,2.569046516,22.332,7.7848,1,0,1,0,0,0
Bobby Portis,83,250,Washington Wizards,23,14.2,0.4,0.7,1.4,8.1,0.794,0.444,16.1,2.846049894,22.3252,8.0676,1,0,1,0,0,1
Dennis Schroder,73,172,Oklahoma City Thunder,25,15.5,0.2,0.8,4.1,3.6,0.819,0.414,12.7,1.897366596,22.3232,6.7176,1,0,0,0,0,0
Jordan Clarkson,77,194,Cleveland Cavaliers,26,16.8,0.2,0.7,2.4,3.3,0.844,0.448,16.8,1.816590212,22.1468,5.2276,1,0,1,0,0,0
Harrison Barnes,80,225,Sacramento Kings,26,16.4,0.2,0.6,1.5,4.7,0.824,0.42,12.8,2.167948339,21.9776,5.4696,1,0,0,0,0,0
Rudy Gay,80,230,San Antonio Spurs,32,13.7,0.5,0.8,2.6,6.8,0.816,0.504,17.5,2.607680962,21.958,8.2064,1,0,1,0,0,0
Collin Sexton,74,190,Cleveland Cavaliers,20,16.7,0.1,0.5,3,2.9,0.839,0.43,12,1.702938637,21.9076,5.0656,1,0,0,0,0,0
Otto Porter,80,198,Chicago Bulls,25,13.9,0.6,1.5,2.1,5.6,0.813,0.465,15.9,2.366431913,21.7212,7.8152,1,0,1,0,1,0
Kelly Oubre Jr.,79,205,Phoenix Suns,23,15.2,0.9,1.2,1.2,4.7,0.775,0.445,15.2,2.167948339,21.648,6.54,1,0,1,0,1,0
Robert Covington,81,225,Minnesota Timberwolves,28,13.3,1.3,2.1,1.3,5.5,0.764,0.431,13.3,2.34520788,21.548,8.4656,1,1,0,0,1,0
Willie Cauley-Stein,84,240,Sacramento Kings,25,11.9,0.6,1.2,2.4,8.4,0.551,0.556,18,2.898275349,21.5228,9.5804,1,0,1,0,1,1
Reggie Jackson,75,208,Detroit Pistons,28,15.4,0.1,0.7,4.2,2.6,0.864,0.421,15.2,1.61245155,21.444,5.9056,1,0,1,0,0,0
Ricky Rubio,76,190,Utah Jazz,28,12.7,0.1,1.3,6.1,3.6,0.855,0.404,14,1.897366596,21.3636,8.532,1,0,0,1,1,0
Jeff Teague,74,195,Minnesota Timberwolves,30,12.1,0.4,1,8.2,2.5,0.804,0.423,15.4,1.58113883,21.3608,9.2116,1,0,1,1,0,0
Evan Fournier,79,205,Orlando Magic,26,15.1,0.1,0.9,3.6,3.2,0.806,0.438,12.3,1.788854382,21.3276,6.0824,1,0,0,0,0,0
Elfrid Payton,76,185,New Orleans Pelicans,24,10.6,0.4,1,7.6,5.2,0.743,0.434,14,2.28035085,21.3108,10.6572,1,0,0,1,0,0
Paul Millsap,80,246,Denver Nuggets,33,12.6,0.8,1.2,2,7.2,0.727,0.484,17.9,2.683281573,21.2844,8.7308,1,0,1,0,1,1
Emmanuel Mudiay,77,200,New York Knicks,22,14.8,0.3,0.7,3.9,3.3,0.774,0.446,14.6,1.816590212,21.238,6.3496,1,0,0,0,0,0
Thaddeus Young,80,221,Indiana Pacers,30,12.6,0.4,1.5,2.5,6.5,0.644,0.527,16.2,2.549509757,21.1484,8.4576,1,0,1,0,1,0
Justise Winslow,79,225,Miami Heat,22,12.6,0.3,1.1,4.3,5.4,0.628,0.433,12.8,2.323790008,21.1244,8.4412,1,0,0,0,1,0
Dwight Howard,83,265,Washington Wizards,33,12.8,0.4,0.8,0.4,9.2,0.604,0.623,17.4,3.033150178,21.0908,8.1616,1,0,1,0,0,1
Dennis Smith Jr.,75,195,New York Knicks,21,13.6,0.4,1.3,4.8,2.9,0.635,0.428,12.3,1.702938637,20.9952,7.344,1,0,0,0,1,0
Caris LeVert,79,204,Brooklyn Nets,24,13.7,0.4,1.1,3.9,3.8,0.691,0.429,14.9,1.949358869,20.918,7.1664,1,0,0,0,1,0
Tristan Thompson,82,238,Cleveland Cavaliers,27,10.9,0.4,0.7,2,10.2,0.642,0.529,18.4,3.193743885,20.8884,9.8968,1,0,1,0,0,1
Trevor Ariza,80,215,Washington Wizards,33,12.5,0.3,1.3,3.7,5.4,0.793,0.399,12,2.323790008,20.8568,8.2872,1,0,0,0,1,0
Bogdan Bogdanovic,78,205,Sacramento Kings,26,14.1,0.2,1,3.8,3.5,0.827,0.418,14.1,1.870828693,20.848,6.6408,1,0,0,0,0,0
Kris Dunn,76,205,Chicago Bulls,24,11.3,0.5,1.5,6,4.1,0.797,0.425,12.4,2.024845673,20.7088,9.3888,1,0,0,1,1,0
Joe Ingles,80,226,Utah Jazz,31,12.1,0.2,1.2,5.7,4,0.707,0.448,13.4,2,20.692,8.4728,1,0,0,1,1,0
Goran Dragic,75,190,Miami Heat,32,13.7,0.1,0.8,4.8,3.1,0.782,0.413,13.9,1.760681686,20.578,6.7428,1,0,0,0,0,0
Marcus Morris,81,235,Boston Celtics,29,13.9,0.3,0.6,1.5,6.1,0.844,0.447,14.2,2.469817807,20.5464,6.5576,1,0,0,0,0,0
Terrence Ross,79,206,Orlando Magic,27,15.1,0.4,0.9,1.7,3.5,0.875,0.428,15.4,1.870828693,20.4412,5.29,1,0,1,0,0,0
Eric Gordon,76,215,Houston Rockets,30,16.2,0.4,0.6,1.9,2.2,0.783,0.409,12.2,1.483239697,20.4268,4.1832,1,0,0,0,0,0
Rajon Rondo,73,186,Los Angeles Lakers,32,9.2,0.2,1.2,8,5.3,0.639,0.405,12.1,2.302172887,20.2676,10.9656,0,0,0,1,1,0
Jaren Jackson Jr.,83,242,Memphis Grizzlies,19,13.8,1.4,0.9,1.1,4.7,0.766,0.506,16.4,2.167948339,20.2488,6.6664,1,1,1,0,0,0
JaVale McGee,84,270,Los Angeles Lakers,31,12,2,0.6,0.7,7.5,0.632,0.624,21.8,2.738612788,20.2424,8.5928,1,1,1,0,0,1
Jerami Grant,81,220,Oklahoma City Thunder,24,13.6,1.3,0.8,1,5.2,0.71,0.497,13.8,2.28035085,20.1328,6.724,1,1,0,0,0,0
Derrick Favors,82,265,Utah Jazz,27,11.8,1.4,0.7,1.2,7.4,0.675,0.586,21.8,2.720294102,20.0044,8.39,1,1,1,0,0,1
Draymond Green,79,230,Golden State Warriors,28,7.4,1.1,1.4,6.9,7.3,0.692,0.445,12.9,2.701851217,19.9648,12.7168,0,1,0,1,1,1
Jarrett Allen,83,237,Brooklyn Nets,20,10.9,1.5,0.5,1.4,8.4,0.709,0.59,18.5,2.898275349,19.8296,9.1436,1,1,1,0,0,1
Larry Nance Jr.,81,230,Cleveland Cavaliers,26,9.4,0.6,1.5,3.2,8.2,0.716,0.52,18.6,2.863564213,19.7944,10.3664,0,0,1,0,1,1
Darren Collison,72,175,Indiana Pacers,31,11.2,0.1,1.4,6,3.1,0.832,0.467,16.7,1.760681686,19.5596,8.2028,1,0,1,1,1,0
Lonzo Ball,78,190,Los Angeles Lakers,21,9.9,0.4,1.5,5.4,5.3,0.417,0.406,11.7,2.302172887,19.4992,9.5568,0,0,0,1,1,0
Cedi Osman,80,215,Cleveland Cavaliers,23,13,0.1,0.8,2.6,4.7,0.779,0.427,11.5,2.167948339,19.4624,6.3216,1,0,0,0,0,0
Brook Lopez,84,270,Milwaukee Bucks,30,12.5,2.2,0.6,1.2,4.9,0.842,0.452,14.6,2.213594362,19.4276,7.4068,1,1,0,0,0,0
Dewayne Dedmon,84,245,Atlanta Hawks,29,10.8,1.1,1.1,1.4,7.5,0.814,0.492,16,2.738612788,19.4224,8.7556,1,1,1,0,1,1
Joe Harris,78,218,Brooklyn Nets,27,13.7,0.2,0.5,2.4,3.8,0.827,0.5,13.5,1.949358869,19.2108,5.3708,1,0,0,0,0,0
Taurean Prince,80,220,Atlanta Hawks,24,13.5,0.3,1,2.1,3.6,0.819,0.441,11.9,1.897366596,19.204,5.6176,1,0,0,0,0,0
Carmelo Anthony,80,240,Atlanta Hawks,34,13.4,0.7,0.4,0.5,5.4,0.682,0.405,10.9,2.323790008,18.8548,5.5028,1,0,0,0,0,0
Gordon Hayward,80,225,Boston Celtics,28,11.5,0.3,0.9,3.4,4.5,0.834,0.466,15.6,2.121320344,18.66,7.0636,1,0,1,0,0,0
Jaylen Brown,79,220,Boston Celtics,22,13,0.4,0.9,1.4,4.2,0.658,0.465,13.5,2.049390153,18.5492,5.4832,1,0,0,0,0,0
Wendell Carter Jr.,82,255,Chicago Bulls,19,10.3,1.3,0.6,1.8,7,0.795,0.485,15.2,2.645751311,18.482,8.378,1,1,1,0,0,0
D.J. Augustin,72,183,Orlando Magic,31,11.7,0,0.6,5.3,2.5,0.866,0.47,15.7,1.58113883,18.2944,6.4064,1,0,1,1,0,0
Cody Zeller,84,240,Charlotte Hornets,26,10.1,0.8,0.8,2.1,6.8,0.787,0.551,17.2,2.607680962,18.2252,8.1448,1,0,1,0,0,0
Kent Bazemore,77,201,Atlanta Hawks,29,11.6,0.6,1.3,2.3,3.9,0.726,0.402,11.9,1.974841766,18.1112,6.5304,1,0,0,0,1,0
Gary Harris,76,210,Denver Nuggets,24,12.9,0.3,1,2.2,2.8,0.799,0.424,12.2,1.673320053,18.0992,5.1196,1,0,0,0,0,0
Josh Jackson,80,200,Phoenix Suns,21,11.5,0.7,0.9,2.3,4.4,0.671,0.413,10.6,2.097617696,18.0136,6.5584,1,0,0,0,0,0
Jae Crowder,78,235,Utah Jazz,28,11.9,0.4,0.8,1.7,4.8,0.721,0.399,12.1,2.19089023,17.978,6.0384,1,0,0,0,0,0
Will Barton,78,190,Denver Nuggets,28,11.5,0.5,0.4,2.9,4.6,0.77,0.402,11,2.144761059,17.9688,6.458,1,0,0,0,0,0
Kevin Knox,81,215,New York Knicks,19,12.8,0.3,0.6,1.1,4.5,0.717,0.37,8.7,2.121320344,17.9648,5.1068,1,0,0,0,0,0
Taj Gibson,81,232,Minnesota Timberwolves,33,10.8,0.6,0.8,1.2,6.5,0.757,0.566,17.8,2.549509757,17.9392,7.0928,1,0,1,0,0,0
Jeff Green,81,235,Washington Wizards,32,12.3,0.5,0.6,1.8,4,0.888,0.475,13.6,2,17.8552,5.5152,1,0,0,0,0,0
Fred VanVleet,72,195,Toronto Raptors,24,11,0.3,0.9,4.8,2.6,0.843,0.41,13.7,1.61245155,17.7912,6.7172,1,0,0,0,0,0
J.J. Barea,72,185,Dallas Mavericks,34,10.9,0,0.6,5.6,2.5,0.705,0.418,16.3,1.58113883,17.6192,6.552,1,0,1,1,0,0
Bam Adebayo,82,255,Miami Heat,21,8.9,0.8,0.9,2.2,7.3,0.735,0.576,17.9,2.701851217,17.5344,8.644,0,0,1,0,0,1
Thomas Bryant,83,248,Washington Wizards,21,10.5,0.9,0.3,1.3,6.3,0.781,0.616,21,2.50998008,17.3088,6.8324,1,0,1,0,0,0
Derrick White,76,190,San Antonio Spurs,24,9.9,0.7,1,3.9,3.7,0.772,0.479,14.8,1.923538406,17.2104,7.3288,0,0,0,0,0,0
Alex Len,85,250,Atlanta Hawks,25,11.1,0.9,0.4,1.1,5.5,0.648,0.494,17.2,2.34520788,17.2068,6.1792,1,0,1,0,0,0
Al-Farouq Aminu,81,220,Portland Trail Blazers,28,9.4,0.4,0.8,1.3,7.5,0.867,0.433,13.2,2.738612788,17.16,7.7068,0,0,0,0,0,1
Shai Gilgeous-Alexander,78,181,Los Angeles Clippers,20,10.8,0.5,1.2,3.3,2.8,0.8,0.476,13.4,1.673320053,17.1304,6.29,1,0,0,0,1,0
Nicolas Batum,80,200,Charlotte Hornets,30,9.3,0.6,0.9,3.3,5.2,0.865,0.45,11.9,2.28035085,17.096,7.796,0,0,0,0,0,0
Dion Waiters,76,215,Miami Heat,27,12,0.2,0.7,2.8,2.6,0.5,0.414,11.4,1.61245155,16.9856,4.88,1,0,0,0,0,0
Wesley Matthews,77,220,New York Knicks,32,12.2,0.2,0.8,2.3,2.5,0.81,0.4,10.3,1.58113883,16.984,4.684,1,0,0,0,0,0
Dwight Powell,83,240,Dallas Mavericks,27,10.6,0.6,0.6,1.5,5.3,0.772,0.597,20.4,2.302172887,16.9276,6.2688,1,0,1,0,0,0
Kenneth Faried,80,220,Brooklyn Nets,29,10.4,0.6,0.5,0.5,6.8,0.646,0.589,21.6,2.607680962,16.924,6.4684,1,0,1,0,0,0
Noah Vonleh,81,250,New York Knicks,23,8.4,0.8,0.7,1.9,7.8,0.712,0.47,13.9,2.792848009,16.9228,8.5748,0,0,0,0,0,1
Dario Saric,82,223,Minnesota Timberwolves,24,10.6,0.1,0.6,1.6,5.6,0.88,0.437,13.1,2.366431913,16.8368,6.092,1,0,0,0,0,0
Justin Holiday,78,181,Memphis Grizzlies,29,10.5,0.4,1.5,1.8,3.9,0.896,0.386,10,1.974841766,16.7828,6.2484,1,0,0,0,1,0
Tyler Johnson,76,190,Phoenix Suns,26,10.9,0.5,0.9,2.9,3,0.748,0.413,12.4,1.732050808,16.7444,5.8292,1,0,0,0,0,0
DeMarre Carroll,80,215,Brooklyn Nets,32,11.1,0.1,0.5,1.3,5.2,0.76,0.395,12.1,2.28035085,16.682,5.454,1,0,0,0,0,0
Nemanja Bjelica,82,234,Sacramento Kings,30,9.6,0.7,0.7,1.9,5.8,0.761,0.479,15.4,2.408318916,16.676,7.0944,0,0,1,0,0,0
Marvin Williams,81,237,Charlotte Hornets,32,10.1,0.8,0.9,1.2,5.4,0.767,0.422,12.6,2.323790008,16.6556,6.6268,1,0,0,0,0,0
Kyle Anderson,81,230,Memphis Grizzlies,25,8,0.9,1.3,3,5.8,0.578,0.543,12.8,2.408318916,16.5384,8.5912,0,0,0,0,1,0
Tomas Satoransky,79,210,Washington Wizards,27,8.9,0.2,1,5,3.5,0.819,0.485,14.1,1.870828693,16.5116,7.4776,0,0,0,0,0,0
Jonathan Isaac,82,210,Orlando Magic,21,9.6,1.3,0.8,1.1,5.5,0.815,0.429,13,2.34520788,16.4276,7.046,0,1,0,0,0,0
E'Twaun Moore,76,191,New Orleans Pelicans,29,11.9,0.2,0.8,1.9,2.4,0.763,0.481,11.5,1.549193338,16.3476,4.3152,1,0,0,0,0,0
Bryn Forbes,75,190,San Antonio Spurs,25,11.8,0,0.5,2.1,2.9,0.885,0.456,12,1.702938637,16.3364,4.354,1,0,0,0,0,0
Marcus Smart,76,220,Boston Celtics,24,8.9,0.4,1.8,4,2.9,0.806,0.422,13.1,1.702938637,16.3012,7.3524,0,0,0,0,1,0
Mason Plumlee,83,235,Denver Nuggets,28,7.8,0.9,0.8,3,6.4,0.561,0.593,17.8,2.529822128,16.2716,8.5044,0,0,1,0,0,0
Danny Green,78,215,Toronto Raptors,31,10.3,0.7,0.9,1.6,4,0.841,0.465,13,2,16.1324,5.8564,1,0,0,0,0,0
Kelly Olynyk,84,240,Miami Heat,27,10,0.5,0.7,1.8,4.7,0.822,0.463,14.4,2.167948339,16.114,6.0788,0,0,0,0,0,0
Kadeem Allen,75,192,,26,9.9,0.2,0.8,4,2.7,0.778,0.461,16.2,1.643167673,16.0256,6.0012,0,0,1,0,0,0
Monte Morris,75,175,Denver Nuggets,23,10.4,0,0.9,3.6,2.4,0.802,0.493,16.2,1.549193338,16.018,5.4208,1,0,1,0,0,0
JaMychal Green,81,227,Los Angeles Clippers,28,9.4,0.5,0.7,0.8,6.3,0.792,0.483,14.7,2.50998008,15.93,6.4868,0,0,0,0,0,0
Kentavious Caldwell-Pope,77,205,Los Angeles Lakers,25,11.4,0.2,0.9,1.3,2.9,0.867,0.43,12.9,1.702938637,15.8988,4.3868,1,0,0,0,0,0
Reggie Bullock,79,205,Los Angeles Lakers,27,11.3,0.2,0.6,2,2.7,0.859,0.412,10.5,1.643167673,15.8384,4.4336,1,0,0,0,0,0
Damyean Dotson,78,210,New York Knicks,24,10.7,0.1,0.8,1.8,3.6,0.745,0.415,10.8,1.897366596,15.814,4.978,1,0,0,0,0,0
Kevin Huerter,79,190,Atlanta Hawks,20,9.7,0.3,0.9,2.9,3.3,0.732,0.419,10.1,1.816590212,15.6104,5.8328,0,0,0,0,0,0
Patrick Beverley,73,185,Los Angeles Clippers,30,7.6,0.6,0.9,3.8,5,0.78,0.407,11.8,2.236067977,15.5548,7.972,0,0,0,0,0,0
Rodney Hood,80,206,Portland Trail Blazers,26,11.2,0.2,0.8,1.8,2.2,0.884,0.435,12.3,1.483239697,15.4676,4.1536,1,0,0,0,0,0
Allonzo Trier,77,200,New York Knicks,23,10.9,0.2,0.4,1.9,3.1,0.803,0.448,12.2,1.760681686,15.4404,4.4212,1,0,0,0,0,0
Delon Wright,77,183,Memphis Grizzlies,26,8.7,0.4,1.2,3.3,3.5,0.793,0.434,15.5,1.870828693,15.4308,6.6772,0,0,1,0,1,0
Tyreke Evans,78,220,Indiana Pacers,29,10.2,0.3,0.8,2.4,2.9,0.719,0.389,11.5,1.702938637,15.3632,5.0976,1,0,0,0,0,0
Terry Rozier,73,190,Boston Celtics,24,9,0.3,0.9,2.9,3.9,0.785,0.387,12.9,1.974841766,15.3388,6.274,0,0,0,0,0,0
Ivica Zubac,85,240,Los Angeles Clippers,21,8.9,0.9,0.2,1.1,6.1,0.802,0.559,18.9,2.469817807,15.3144,6.4608,0,0,1,0,0,0
DeAndre' Bembry,78,210,Atlanta Hawks,24,8.4,0.5,1.3,2.5,4.4,0.64,0.446,10.8,2.097617696,15.3144,6.886,0,0,0,0,1,0
Rondae Hollis-Jefferson,79,217,Brooklyn Nets,24,8.9,0.5,0.7,1.6,5.3,0.645,0.411,12.5,2.302172887,15.2024,6.288,0,0,0,0,0,0
Mitchell Robinson,85,240,New York Knicks,20,7.3,2.4,0.8,0.6,6.4,0.6,0.694,22,2.529822128,15.1976,8.34,0,1,1,0,0,0
Malik Beasley,77,195,Denver Nuggets,22,11.3,0.1,0.7,1.2,2.5,0.848,0.474,14.2,1.58113883,15.1888,3.7292,1,0,0,0,0,0
Trey Burke,73,175,Dallas Mavericks,26,10.9,0.1,0.6,2.7,1.7,0.831,0.431,16.5,1.303840481,15.1548,4.1124,1,0,1,0,0,0
Alex Caruso,77,186,,24,9.2,0.4,1,3.1,2.7,0.797,0.445,13.9,1.643167673,15.0368,5.7788,0,0,0,0,0,0
Markieff Morris,82,245,New Orleans Pelicans,29,9.4,0.4,0.6,1.4,4.6,0.772,0.421,11.7,2.144761059,14.9572,5.5088,0,0,0,0,0,0
Avery Bradley,74,180,Memphis Grizzlies,28,9.9,0.3,0.7,2.4,2.8,0.86,0.408,7.6,1.673320053,14.9572,4.984,0,0,0,0,0,0
Patty Mills,72,180,San Antonio Spurs,30,9.9,0.1,0.6,3,2.2,0.854,0.425,13.2,1.483239697,14.7216,4.6816,0,0,0,0,0,0
Jeremy Lin,75,200,Atlanta Hawks,30,9.6,0.2,0.6,3.1,2.4,0.838,0.44,13.5,1.549193338,14.7012,4.9852,0,0,0,0,0,0
P.J. Tucker,78,245,Houston Rockets,33,7.3,0.5,1.6,1.2,5.8,0.695,0.396,9.2,2.408318916,14.5864,7.278,0,0,0,0,1,0
Markelle Fultz,76,200,Orlando Magic,20,8.2,0.3,0.9,3.1,3.7,0.568,0.419,10.5,1.923538406,14.4648,6.1872,0,0,0,0,0,0
Robin Lopez,84,275,Chicago Bulls,30,9.5,1.1,0.1,1.2,3.9,0.724,0.568,15.9,1.974841766,14.4568,5.0596,0,1,1,0,0,0
Mikal Bridges,79,210,Phoenix Suns,22,8.3,0.5,1.6,2.1,3.2,0.805,0.43,10.8,1.788854382,14.454,6.132,0,0,0,0,1,0
Marco Belinelli,77,210,San Antonio Spurs,32,10.5,0.1,0.4,1.7,2.5,0.903,0.413,11.9,1.58113883,14.4364,3.8012,1,0,0,0,0,0
Ish Smith,72,175,Detroit Pistons,30,8.9,0.2,0.5,3.6,2.6,0.758,0.419,11.8,1.61245155,14.3508,5.3432,0,0,0,0,0,0
Mario Hezonja,80,225,New York Knicks,23,8.8,0.1,1,1.5,4.1,0.763,0.412,10.8,2.024845673,14.26,5.3252,0,0,0,0,0,0
Wayne Ellington,77,200,Phoenix Suns,31,10.3,0.1,1,1.4,2,0.796,0.403,11.8,1.414213562,14.2296,3.7984,1,0,0,0,0,0
Jalen Brunson,75,190,Dallas Mavericks,22,9.3,0.1,0.5,3.2,2.3,0.725,0.467,12.8,1.516575089,14.1968,4.74,0,0,0,0,0,0
Bruno Caboclo,81,218,Memphis Grizzlies,23,8.3,1,0.4,1.5,4.6,0.84,0.427,12.4,2.144761059,14.1768,6.006,0,0,0,0,0,0
Alec Burks,78,214,Sacramento Kings,27,8.8,0.3,0.6,2,3.7,0.823,0.405,12.7,1.923538406,14.0912,5.2192,0,0,0,0,0,0
Tony Parker,74,185,Charlotte Hornets,36,9.5,0.1,0.4,3.7,1.5,0.734,0.46,15.3,1.224744871,14.0876,4.4336,0,0,1,0,0,0
Joakim Noah,83,230,New York Knicks,33,7.1,0.7,0.5,2.1,5.7,0.716,0.516,18.6,2.387467277,14.0428,6.9464,0,0,1,0,0,0
Luke Kennard,77,206,Detroit Pistons,22,9.7,0.2,0.4,1.8,2.9,0.836,0.438,11.9,1.702938637,14.0396,4.2244,0,0,0,0,0,0
Richaun Holmes,82,235,Phoenix Suns,25,8.2,1.1,0.6,0.9,4.7,0.731,0.608,20.7,2.167948339,14.0256,5.9124,0,1,1,0,0,0
Allen Crabbe,78,212,Brooklyn Nets,26,9.6,0.3,0.5,1.1,3.4,0.732,0.367,7.7,1.843908891,13.8996,4.2428,0,0,0,0,0,0
Jemerrio Jones,77,174,,23,4.5,0.8,1.2,2.2,8.2,0.5,0.364,12.1,2.863564213,13.8856,9.48,0,0,0,0,1,1
Maurice Harkless,81,220,Portland Trail Blazers,25,7.7,0.9,1.1,1.2,4.5,0.671,0.487,13.2,2.121320344,13.8832,6.2584,0,0,0,0,1,0
Shabazz Napier,73,180,Brooklyn Nets,27,9.4,0.3,0.7,2.6,1.8,0.833,0.389,15.3,1.341640786,13.8788,4.4132,0,0,1,0,0,0
Danuel House,79,220,,25,9.4,0.3,0.5,1,3.6,0.789,0.468,12.2,1.897366596,13.8328,4.3356,0,0,0,0,0,0
Evan Turner,79,220,Portland Trail Blazers,30,6.8,0.2,0.5,3.9,4.5,0.708,0.46,11.6,2.121320344,13.7872,6.8632,0,0,0,0,0,0
Ed Davis,82,225,Brooklyn Nets,29,5.8,0.4,0.4,0.8,8.6,0.617,0.616,17.3,2.93257566,13.5532,7.6268,0,0,1,0,0,1
Tyus Jones,74,196,Minnesota Timberwolves,22,6.9,0.1,1.2,4.8,2,0.841,0.415,13.7,1.414213562,13.4324,6.3964,0,0,0,0,1,0
Trey Lyles,82,234,Denver Nuggets,23,8.5,0.4,0.5,1.4,3.8,0.698,0.418,12.7,1.949358869,13.3664,4.8192,0,0,0,0,0,0
Cory Joseph,75,193,Indiana Pacers,27,6.5,0.3,1.1,3.9,3.4,0.698,0.412,11,1.843908891,13.364,6.7892,0,0,0,0,1,0
Dorian Finney-Smith,80,220,Dallas Mavericks,25,7.5,0.4,0.9,1.2,4.8,0.709,0.432,11,2.19089023,13.3364,5.7836,0,0,0,0,0,0
Jahlil Okafor,83,275,New Orleans Pelicans,23,8.2,0.7,0.3,0.7,4.7,0.663,0.586,17.9,2.167948339,13.2696,5.0452,0,0,1,0,0,0
Rodions Kurucs,81,210,Brooklyn Nets,20,8.5,0.4,0.7,0.8,3.9,0.783,0.45,11,1.974841766,13.2632,4.7032,0,0,0,0,0,0
Josh Hart,77,215,Los Angeles Lakers,23,7.8,0.6,1,1.4,3.7,0.688,0.407,9.3,1.923538406,13.228,5.4452,0,0,0,0,0,0
James Johnson,80,240,Miami Heat,31,7.8,0.5,0.6,2.5,3.2,0.714,0.433,10.9,1.788854382,13.1988,5.3756,0,0,0,0,0,0
Ante Zizic,83,254,Cleveland Cavaliers,22,7.8,0.4,0.2,0.9,5.4,0.705,0.553,16.2,2.323790008,13.1932,5.292,0,0,1,0,0,0
Frank Kaminsky,84,242,Charlotte Hornets,25,8.6,0.3,0.3,1.3,3.5,0.738,0.463,16.8,1.870828693,12.9504,4.2552,0,0,1,0,0,0
Willy Hernangomez,83,240,Charlotte Hornets,24,7.3,0.3,0.3,1,5.4,0.694,0.519,20.4,2.323790008,12.7752,5.3576,0,0,1,0,0,0
Miles Bridges,79,225,Charlotte Hornets,20,7.5,0.6,0.7,1.2,4,0.753,0.464,13.1,2,12.7468,5.2412,0,0,0,0,0,0
Davis Bertans,82,225,San Antonio Spurs,26,8,0.4,0.5,1.3,3.5,0.883,0.45,13,1.870828693,12.6732,4.6132,0,0,0,0,0,0
Norman Powell,76,215,Toronto Raptors,25,8.6,0.2,0.7,1.5,2.3,0.827,0.483,13.3,1.516575089,12.624,3.8908,0,0,0,0,0,0
Iman Shumpert,77,215,Houston Rockets,28,7.5,0.4,1,1.8,3,0.8,0.374,9.1,1.732050808,12.6096,5.08,0,0,0,0,0,0
Kevon Looney,81,220,Golden State Warriors,22,6.3,0.7,0.6,1.5,5.2,0.619,0.625,17.3,2.28035085,12.5776,6.2376,0,0,1,0,0,0
Gerald Green,79,205,Houston Rockets,33,9.2,0.4,0.5,0.5,2.5,0.838,0.4,11.4,1.58113883,12.5752,3.3352,0,0,0,0,0,0
Malik Monk,75,200,Charlotte Hornets,20,8.9,0.3,0.5,1.6,1.9,0.882,0.387,11.8,1.378404875,12.5676,3.6028,0,0,0,0,0,0
Garrett Temple,78,195,Los Angeles Clippers,32,7.8,0.4,1,1.4,2.9,0.748,0.422,8.5,1.702938637,12.558,4.7092,0,0,0,0,0,0
Pat Connaughton,76,209,Milwaukee Bucks,26,6.9,0.4,0.5,2,4.2,0.725,0.466,13.6,2.049390153,12.4964,5.53,0,0,0,0,0,0
Josh Okogie,76,212,Minnesota Timberwolves,20,7.7,0.4,1.2,1.2,2.9,0.728,0.386,9.4,1.702938637,12.4956,4.7612,0,0,0,0,1,0
Maxi Kleber,83,240,Dallas Mavericks,27,6.8,1.1,0.5,1,4.6,0.784,0.453,13.1,2.144761059,12.4848,5.8336,0,1,0,0,0,0
Jamal Crawford,77,185,Atlanta Hawks,38,7.9,0.2,0.5,3.6,1.3,0.845,0.397,11.7,1.140175425,12.4668,4.468,0,0,0,0,0,0
George Hill,75,188,Milwaukee Bucks,32,7.6,0.1,0.9,2.3,2.5,0.824,0.452,12.1,1.58113883,12.4404,4.6896,0,0,0,0,0,0
Christian Wood,82,214,New Orleans Pelicans,23,8.2,0.5,0.3,0.4,4,0.732,0.521,21.9,2,12.4312,4.1728,0,0,1,0,0,0
Kenrich Williams,79,210,New Orleans Pelicans,24,6.1,0.4,1,1.8,4.8,0.684,0.384,9.7,2.19089023,12.4272,6.2936,0,0,0,0,0,0
Andre Iguodala,78,215,Golden State Warriors,35,5.7,0.8,0.9,3.2,3.7,0.582,0.5,13.1,1.923538406,12.4228,6.7628,0,0,0,0,0,0
Landry Shamet,77,188,Los Angeles Clippers,21,9.1,0.1,0.5,1.5,1.7,0.806,0.431,11,1.303840481,12.4048,3.1624,0,0,0,0,0,0
Rodney McGruder,76,200,Los Angeles Clippers,27,7.6,0.2,0.5,1.7,3.6,0.722,0.403,9.4,1.897366596,12.4,4.6988,0,0,0,0,0,0
Boban Marjanovic,87,290,Philadelphia 76ers,30,7.3,0.5,0.3,0.9,4.6,0.748,0.615,24.2,2.144761059,12.3452,4.9492,0,0,1,0,0,0
Shelvin Mack,75,203,Orlando Magic,28,7.5,0.1,0.8,3.2,1.8,0.69,0.404,10.4,1.341640786,12.3076,4.676,0,0,0,0,0,0
Austin Rivers,76,200,Phoenix Suns,26,8.1,0.3,0.6,2.2,2.1,0.526,0.406,7.7,1.449137675,12.2928,4.1204,0,0,0,0,0,0
Darius Miller,80,225,New Orleans Pelicans,28,8.2,0.3,0.6,2.1,1.9,0.789,0.39,8.4,1.378404875,12.2816,4.0156,0,0,0,0,0,0
Ryan Arcidiacono,75,200,Chicago Bulls,24,6.7,0,0.8,3.3,2.7,0.873,0.447,11.6,1.643167673,12.228,5.3492,0,0,0,0,0,0
Chandler Parsons,82,230,Memphis Grizzlies,30,7.5,0.2,0.8,1.7,2.8,0.88,0.374,8.5,1.673320053,12.0916,4.502,0,0,0,0,0,0
Kyle Korver,79,212,Utah Jazz,37,8.6,0.2,0.4,1.2,2.3,0.822,0.416,11.2,1.516575089,12.0852,3.3788,0,0,0,0,0,0
Tyler Zeller,84,253,Atlanta Hawks,29,7.7,0.5,0.2,0.7,4,0.778,0.533,17.3,2,12.0644,4.3012,0,0,1,0,0,0
T.J. McConnell,74,190,Philadelphia 76ers,26,6.4,0.2,1,3.4,2.3,0.784,0.525,13.4,1.516575089,12.0536,5.5036,0,0,0,0,0,0
Lance Stephenson,78,230,Los Angeles Lakers,28,7.2,0.1,0.6,2.1,3.2,0.685,0.426,11.8,1.788854382,12.0244,4.684,0,0,0,0,0,0
Mohamed Bamba,84,221,Orlando Magic,20,6.2,1.4,0.3,0.8,5,0.587,0.481,14.9,2.236067977,11.9672,5.9948,0,1,0,0,0,0
Derrick Jones Jr.,79,200,Miami Heat,21,7,0.7,0.8,0.6,4,0.607,0.494,14,2,11.9504,4.9628,0,0,0,0,0,0
Harry Giles,82,240,Sacramento Kings,20,7,0.4,0.5,1.5,3.8,0.637,0.503,14.4,1.949358869,11.946,4.8648,0,0,0,0,0,0
Shaquille Harrison,76,190,Phoenix Suns,25,6.5,0.4,1.2,1.9,3,0.667,0.432,12.4,1.732050808,11.8496,5.2968,0,0,0,0,1,0
Ersan Ilyasova,82,235,Milwaukee Bucks,31,6.8,0.3,0.5,0.8,4.5,0.824,0.438,11.6,2.121320344,11.7248,4.8396,0,0,0,0,0,0
Mike Muscala,83,240,Los Angeles Lakers,27,7,0.6,0.3,1.2,3.8,0.824,0.402,10.8,1.949358869,11.7104,4.7296,0,0,0,0,0,0
Langston Galloway,74,200,Detroit Pistons,27,8.4,0.1,0.5,1.1,2.1,0.844,0.388,10.7,1.449137675,11.7028,3.1776,0,0,0,0,0,0
Stanley Johnson,79,245,New Orleans Pelicans,22,6.9,0.2,0.9,1.3,3.3,0.781,0.389,9.6,1.816590212,11.628,4.6324,0,0,0,0,0,0
Zach Collins,84,235,Portland Trail Blazers,21,6.6,0.9,0.3,0.9,4.2,0.746,0.473,13.5,2.049390153,11.5876,5.0684,0,0,0,0,0,0
Luke Kornet,85,250,New York Knicks,23,7,0.9,0.6,1.2,2.9,0.826,0.378,14.8,1.702938637,11.5816,4.7004,0,0,0,0,0,0
Jakob Poeltl,84,230,San Antonio Spurs,23,5.5,0.9,0.4,1.2,5.3,0.533,0.645,19.4,2.302172887,11.5512,6.0632,0,0,1,0,0,0
Michael Kidd-Gilchrist,79,232,Charlotte Hornets,25,6.7,0.6,0.5,1,3.8,0.772,0.476,13.3,1.949358869,11.4792,4.7688,0,0,0,0,0,0
Luol Deng,81,237,Los Angeles Lakers,33,7.1,0.4,0.7,0.8,3.3,0.714,0.5,14.6,1.816590212,11.4356,4.2556,0,0,0,0,0,0
Jake Layman,81,215,Portland Trail Blazers,24,7.6,0.4,0.4,0.7,3.1,0.704,0.509,13.5,1.760681686,11.4252,3.7416,0,0,0,0,0,0
Cheick Diallo,81,220,New Orleans Pelicans,22,6,0.5,0.5,0.5,5.2,0.746,0.62,17.5,2.28035085,11.3864,5.2884,0,0,1,0,0,0
Gorgui Dieng,83,252,Minnesota Timberwolves,29,6.4,0.5,0.6,0.9,4.1,0.83,0.501,18.1,2.024845673,11.3824,4.932,0,0,1,0,0,0
John Henson,83,219,Cleveland Cavaliers,28,5.6,0.8,0.5,1,5.1,0.6,0.463,17.1,2.258317958,11.3552,5.81,0,0,1,0,0,0
De'Anthony Melton,76,200,Phoenix Suns,20,5,0.5,1.4,3.2,2.7,0.75,0.391,9.9,1.643167673,11.3364,6.33,0,0,0,0,1,0
Vince Carter,78,220,Atlanta Hawks,42,7.4,0.4,0.6,1.1,2.6,0.712,0.419,11.8,1.61245155,11.3224,3.8748,0,0,0,0,0,0
Wilson Chandler,81,225,Los Angeles Clippers,31,6,0.4,0.5,1.6,4.2,0.72,0.418,8.5,2.049390153,11.2952,5.248,0,0,0,0,0,0
Frank Jackson,75,205,New Orleans Pelicans,20,8.1,0,0.4,1.1,2.2,0.74,0.434,9.4,1.483239697,11.2796,3.006,0,0,0,0,0,0
Tim Frazier,73,170,New Orleans Pelicans,28,5.3,0.1,0.5,4.2,2.8,0.759,0.444,11.7,1.673320053,11.2512,5.8036,0,0,0,0,0,0
Devin Robinson,80,200,,23,6.7,0.9,0.6,0.9,2.9,0.643,0.594,20.6,1.702938637,11.0848,4.4172,0,0,1,0,0,0
Isaiah Thomas,69,185,Denver Nuggets,29,8.1,0.1,0.4,1.9,1.1,0.63,0.343,7,1.048808848,11.0592,2.852,0,0,0,0,0,0
Tony Bradley,82,248,Utah Jazz,21,5.7,0.7,0.7,0.3,5,0.5,0.5,19.6,2.236067977,11,5.31,0,0,1,0,0,0
Jonas Jerebko,82,231,Golden State Warriors,31,6.3,0.2,0.4,1.3,3.9,0.8,0.459,13.5,1.974841766,10.9836,4.56,0,0,0,0,0,0
Omari Spellman,81,245,Atlanta Hawks,21,5.9,0.5,0.6,1,4.2,0.711,0.402,12.4,2.049390153,10.9352,5.0244,0,0,0,0,0,0
Dirk Nowitzki,84,245,Dallas Mavericks,40,7.3,0.4,0.2,0.7,3.1,0.78,0.359,9.6,1.760681686,10.8956,3.572,0,0,0,0,0,0
Justin Jackson,80,210,Dallas Mavericks,23,7.2,0.2,0.4,1.2,2.6,0.785,0.447,11.3,1.61245155,10.8928,3.574,0,0,0,0,0,0
David Nwaba,76,219,Cleveland Cavaliers,26,6.5,0.3,0.7,1.1,3.2,0.682,0.481,12.5,1.788854382,10.8852,4.2828,0,0,0,0,0,0
Aron Baynes,82,260,Boston Celtics,32,5.6,0.7,0.2,1.1,4.7,0.855,0.471,14,2.167948339,10.8804,5.302,0,0,0,0,0,0
Jonathon Simmons,78,195,Philadelphia 76ers,29,6.5,0.3,0.5,2.3,2.3,0.742,0.38,8.5,1.516575089,10.8788,4.3168,0,0,0,0,0,0
D.J. Wilson,82,231,Milwaukee Bucks,22,5.8,0.4,0.4,1.1,4.6,0.553,0.414,10.3,2.144761059,10.8568,5.0112,0,0,0,0,0,0
Marcin Gortat,83,240,Los Angeles Clippers,34,5,0.5,0.1,1.4,5.6,0.729,0.532,12.8,2.366431913,10.8544,5.7916,0,0,0,0,0,0
OG Anunoby,80,232,Toronto Raptors,21,7,0.3,0.7,0.7,2.9,0.581,0.453,9.8,1.702938637,10.8436,3.7524,0,0,0,0,0,0
J.R. Smith,78,225,Cleveland Cavaliers,33,6.7,0.3,1,1.9,1.6,0.8,0.342,7.8,1.264911064,10.8168,4.07,0,0,0,0,0,0
James Ennis,79,210,Philadelphia 76ers,28,6.7,0.4,0.7,0.7,3.1,0.716,0.469,11,1.760681686,10.814,4.0464,0,0,0,0,0,0
Seth Curry,74,185,Portland Trail Blazers,28,7.9,0.2,0.5,0.9,1.6,0.846,0.456,11.4,1.264911064,10.8108,2.7884,0,0,0,0,0,0
Cameron Payne,75,190,Chicago Bulls,24,6.3,0.2,0.7,2.7,1.8,0.805,0.43,11.5,1.341640786,10.784,4.372,0,0,0,0,0,0
Jerryd Bayless,75,200,Minnesota Timberwolves,30,6.1,0.1,0.5,3.5,1.8,0.571,0.357,8.5,1.341640786,10.7512,4.5384,0,0,0,0,0,0
Dante Exum,78,190,Utah Jazz,23,6.9,0.1,0.3,2.6,1.6,0.791,0.419,11.2,1.264911064,10.694,3.6564,0,0,0,0,0,0
Johnathan Williams,81,228,,23,6.5,0.3,0.3,0.5,4.1,0.563,0.591,15.1,2.024845673,10.6916,4.0452,0,0,1,0,0,0
Wayne Selden,77,230,Chicago Bulls,24,6.9,0.2,0.4,1.5,2.4,0.728,0.406,8.3,1.549193338,10.6236,3.6212,0,0,0,0,0,0
Sterling Brown,78,232,Milwaukee Bucks,23,6.4,0.1,0.4,1.4,3.2,0.69,0.465,10.9,1.788854382,10.552,3.996,0,0,0,0,0,0
Ivan Rabb,82,220,Memphis Grizzlies,21,5.8,0.3,0.3,1.1,4.2,0.71,0.547,16.1,2.049390153,10.5228,4.594,0,0,1,0,0,0
Dillon Brooks,78,220,Memphis Grizzlies,23,7.5,0.2,0.6,0.9,1.7,0.733,0.402,7.6,1.303840481,10.514,2.9132,0,0,0,0,0,0
Nerlens Noel,83,220,Oklahoma City Thunder,24,4.9,1.2,0.9,0.6,4.2,0.684,0.587,19.3,2.049390153,10.5084,5.7336,0,1,1,0,0,0
Matthew Dellavedova,76,200,Cleveland Cavaliers,28,5.9,0,0.3,3.8,1.6,0.808,0.405,11.1,1.264911064,10.4652,4.4032,0,0,0,0,0,0
Frank Ntilikina,78,200,New York Knicks,20,5.7,0.3,0.7,2.8,2,0.767,0.337,6,1.414213562,10.4116,4.6668,0,0,0,0,0,0
Zhaire Smith,76,199,Philadelphia 76ers,19,6.7,0.3,0.3,1.7,2.2,0.75,0.412,9.5,1.483239697,10.4048,3.63,0,0,0,0,0,0
Dwayne Bacon,79,221,Charlotte Hornets,23,7.3,0.1,0.3,1.1,2.1,0.739,0.475,11.7,1.449137675,10.3956,2.9356,0,0,0,0,0,0
Michael Beasley,81,235,Los Angeles Clippers,30,7,0.4,0.3,1,2.3,0.718,0.49,15.9,1.516575089,10.3732,3.2972,0,0,1,0,0,0
Isaiah Canaan,72,201,Minnesota Timberwolves,27,6,0.1,0.5,2.8,1.9,0.792,0.39,8,1.378404875,10.3328,4.2068,0,0,0,0,0,0
Omri Casspi,81,225,Memphis Grizzlies,30,6.3,0.3,0.6,0.7,3.2,0.672,0.534,15.7,1.788854382,10.3224,3.8988,0,0,1,0,0,0
Quinn Cook,74,179,Golden State Warriors,25,6.9,0,0.3,1.6,2.1,0.769,0.465,13.1,1.449137675,10.2836,3.1976,0,0,0,0,0,0
Sam Dekker,81,230,Washington Wizards,24,6.1,0.1,0.8,1,3.1,0.609,0.469,13.3,1.760681686,10.2712,4.0136,0,0,0,0,0,0
Torrey Craig,79,215,Denver Nuggets,28,5.7,0.6,0.5,1,3.5,0.7,0.442,10.4,1.870828693,10.2268,4.53,0,0,0,0,0,0
Meyers Leonard,85,255,Portland Trail Blazers,26,5.9,0.1,0.2,1.2,3.8,0.843,0.545,15.8,1.949358869,10.2252,4.1372,0,0,1,0,0,0
Damian Jones,84,245,Golden State Warriors,23,5.4,1,0.5,1.2,3.1,0.649,0.716,15.3,1.760681686,10.156,4.7696,0,0,1,0,0,0
Brandon Knight,75,195,Cleveland Cavaliers,27,6.8,0.1,0.5,1.8,1.5,0.794,0.381,8.9,1.224744871,10.15,3.2276,0,0,0,0,0,0
Juan Hernangomez,81,230,Denver Nuggets,23,5.8,0.3,0.4,0.8,3.8,0.767,0.439,11,1.949358869,10.1124,4.2268,0,0,0,0,0,0
Royce O'Neale,78,226,Utah Jazz,25,5.2,0.3,0.7,1.5,3.5,0.762,0.475,9,1.870828693,10.1048,4.8048,0,0,0,0,0,0
Terrance Ferguson,79,190,Oklahoma City Thunder,20,6.9,0.2,0.5,1,1.9,0.725,0.429,6.4,1.378404875,10.0316,3.02,0,0,0,0,0,0
Daniel Theis,80,243,Boston Celtics,26,5.7,0.6,0.3,1,3.4,0.737,0.549,17,1.843908891,10.0144,4.2748,0,0,1,0,0,0
Henry Ellenson,83,245,Detroit Pistons,22,6,0.1,0.4,0.8,3.5,0.76,0.411,13.1,1.870828693,9.9484,3.814,0,0,0,0,0,0
Antonio Blakeney,76,192,Chicago Bulls,22,7.3,0.2,0.2,0.7,1.9,0.658,0.419,10.6,1.378404875,9.8908,2.4832,0,0,0,0,0,0
Ian Clark,75,175,New Orleans Pelicans,27,6.7,0.1,0.4,1.6,1.5,0.892,0.394,8.3,1.224744871,9.8544,3.0268,0,0,0,0,0,0
Dragan Bender,85,225,Phoenix Suns,21,5,0.5,0.4,1.2,4,0.593,0.447,9.5,2,9.806,4.7772,0,0,0,0,0,0
Elie Okobo,75,190,Phoenix Suns,21,5.7,0.1,0.6,2.4,1.8,0.787,0.393,7.6,1.341640786,9.782,3.9548,0,0,0,0,0,0
Devin Harris,75,185,Dallas Mavericks,35,6.3,0.2,0.5,1.8,1.6,0.761,0.38,10.7,1.264911064,9.7764,3.3844,0,0,0,0,0,0
Michael Carter-Williams,78,190,Chicago Bulls,27,4.8,0.5,0.7,2.5,2.5,0.604,0.374,14.7,1.58113883,9.7412,4.9416,0,0,0,0,0,0
Doug McDermott,80,225,Indiana Pacers,27,7.3,0.1,0.2,0.9,1.4,0.835,0.491,11.6,1.183215957,9.7104,2.244,0,0,0,0,0,0
Chandler Hutchison,79,197,Chicago Bulls,22,5.2,0.1,0.5,0.8,4.2,0.605,0.459,8.8,2.049390153,9.6956,4.342,0,0,0,0,0,0
Mike Scott,80,237,Philadelphia 76ers,30,5.8,0.2,0.3,0.8,3.5,0.667,0.4,8.6,1.870828693,9.6768,3.7768,0,0,0,0,0,0
Tyler Dorsey,77,183,Memphis Grizzlies,22,6.2,0,0.3,1.2,2.4,0.623,0.405,11.2,1.549193338,9.4312,3.0692,0,0,0,0,0,0
Jonah Bolden,82,220,Philadelphia 76ers,23,4.7,0.9,0.4,0.9,3.8,0.481,0.494,12.7,1.949358869,9.41,4.7824,0,0,0,0,0,0
Greg Monroe,83,265,Brooklyn Nets,28,5.3,0.2,0.3,0.6,4,0.625,0.487,16,2,9.4048,3.97,0,0,1,0,0,0
Billy Garrett,78,213,,24,6.5,0.3,0.3,1.8,0.8,1,0.407,9.8,0.894427191,9.3928,2.82,0,0,0,0,0,0
Yogi Ferrell,72,180,Sacramento Kings,25,5.9,0.1,0.5,1.9,1.5,0.896,0.435,12.7,1.224744871,9.3824,3.3384,0,0,0,0,0,0
Khem Birch,81,233,Orlando Magic,26,4.8,0.6,0.4,0.8,3.8,0.699,0.603,19.2,1.949358869,9.3608,4.4996,0,0,1,0,0,0
C.J. Miles,78,220,Memphis Grizzlies,31,6.4,0.3,0.5,0.7,1.8,0.828,0.36,9,1.341640786,9.3352,2.8812,0,0,0,0,0,0
Pau Gasol,84,250,San Antonio Spurs,38,3.9,0.5,0.2,1.7,4.6,0.7,0.447,16.7,2.144761059,9.3188,5.39,0,0,1,0,0,0
Bismack Biyombo,81,255,Charlotte Hornets,26,4.4,0.8,0.2,0.6,4.6,0.637,0.571,14.4,2.144761059,9.2832,4.8948,0,0,0,0,0,0
Raul Neto,73,179,Utah Jazz,26,5.3,0.1,0.4,2.5,1.7,0.848,0.46,13.5,1.303840481,9.2332,3.7792,0,0,0,0,0,0
Furkan Korkmaz,79,190,Philadelphia 76ers,21,5.8,0,0.6,1.1,2.2,0.818,0.4,11.5,1.483239697,9.1972,3.2372,0,0,0,0,0,0
MarShon Brooks,77,200,Chicago Bulls,30,6.6,0.1,0.3,0.9,1.6,0.697,0.45,11.6,1.264911064,9.1788,2.4288,0,0,0,0,0,0
Alex Poythress,81,235,,25,5.1,0.5,0.2,0.8,3.6,0.621,0.494,12.2,1.897366596,9.176,4.0284,0,0,0,0,0,0
Tony Snell,79,213,Milwaukee Bucks,27,6,0.2,0.4,0.9,2.1,0.881,0.452,10.7,1.449137675,9.1732,3.0524,0,0,0,0,0,0
Treveon Graham,77,225,Brooklyn Nets,25,5.3,0.2,0.4,1,3.1,0.818,0.335,6.1,1.760681686,9.1712,3.7972,0,0,0,0,0,0
Corey Brewer,81,186,Philadelphia 76ers,32,4.9,0.2,1,1.3,2.5,0.721,0.431,11.6,1.58113883,9.1608,4.1484,0,0,0,0,0,0
Aaron Holiday,73,185,Indiana Pacers,22,5.9,0.3,0.4,1.7,1.3,0.82,0.401,11.9,1.140175425,9.0984,3.128,0,0,0,0,0,0
Andrew Bogut,84,260,Golden State Warriors,34,3.5,0.7,0.3,1,5,1,0.5,13.4,2.236067977,9.09,5.6,0,0,0,0,0,0
Thon Maker,85,221,Detroit Pistons,21,5,0.8,0.3,0.7,3.2,0.667,0.407,11.3,1.788854382,9.0196,4.0968,0,0,0,0,0,0
Bonzie Colson,78,224,,23,4.9,0.1,0.6,0.4,3.8,0.889,0.333,12.9,1.949358869,8.9988,3.9956,0,0,0,0,0,0
Jared Dudley,79,237,Brooklyn Nets,33,4.9,0.3,0.6,1.4,2.6,0.696,0.423,7.8,1.61245155,8.9576,3.9784,0,0,0,0,0,0
Nik Stauskas,78,205,Indiana Pacers,25,5.9,0.1,0.3,1.2,1.9,0.891,0.402,10.9,1.378404875,8.9572,2.9264,0,0,0,0,0,0
Jordan McRae,77,179,,27,5.9,0.3,0.5,1.1,1.5,0.8,0.469,14.3,1.224744871,8.9376,2.94,0,0,0,0,0,0
Jodie Meeks,76,210,Milwaukee Bucks,31,6.4,0.1,0.1,1,1.5,1,0.538,16,1.224744871,8.9352,2.35,0,0,1,0,0,0
Troy Williams,79,218,Houston Rockets,24,5.3,0.4,0.5,0.5,2.8,0.6,0.449,10.5,1.673320053,8.8096,3.45,0,0,0,0,0,0
Wesley Iwundu,79,195,Orlando Magic,24,5,0.3,0.4,1.1,2.7,0.816,0.412,8.7,1.643167673,8.7612,3.6864,0,0,0,0,0,0
Ian Mahinmi,83,262,Washington Wizards,32,4.1,0.5,0.7,0.7,3.8,0.689,0.452,12,1.949358869,8.7564,4.6256,0,0,0,0,0,0
Keita Bates-Diop,81,229,Minnesota Timberwolves,23,5,0.5,0.6,0.6,2.8,0.643,0.423,9.6,1.673320053,8.7564,3.7372,0,0,0,0,0,0
Zaza Pachulia,83,270,Detroit Pistons,34,3.9,0.3,0.5,1.3,3.9,0.782,0.44,13.7,1.974841766,8.7388,4.7528,0,0,0,0,0,0
Troy Brown Jr.,79,215,Washington Wizards,19,4.8,0.1,0.4,1.5,2.8,0.681,0.415,11.1,1.673320053,8.7184,3.7824,0,0,0,0,0,0
Chasson Randle,74,185,Washington Wizards,25,5.5,0.1,0.5,2,1.1,0.694,0.419,9.9,1.048808848,8.6852,3.0476,0,0,0,0,0,0
Tyson Chandler,85,240,Phoenix Suns,36,3.1,0.4,0.4,0.7,5.6,0.586,0.616,11.2,2.366431913,8.6708,5.4444,0,0,0,0,0,0
Troy Daniels,76,205,Phoenix Suns,27,6.2,0.1,0.5,0.5,1.4,0.783,0.411,9.8,1.183215957,8.5776,2.2432,0,0,0,0,0,0
Deyonta Davis,83,237,Sacramento Kings,22,4,0.6,0.3,0.6,4,0.6,0.682,15.6,2,8.4528,4.36,0,0,1,0,0,0
Donte DiVincenzo,76,203,Milwaukee Bucks,22,4.9,0.2,0.5,1.1,2.4,0.75,0.403,9.1,1.549193338,8.4512,3.45,0,0,0,0,0,0
Devonte' Graham,74,185,Charlotte Hornets,23,4.7,0,0.5,2.6,1.4,0.761,0.343,10.3,1.183215957,8.4416,3.6044,0,0,0,0,0,0
Solomon Hill,79,225,New Orleans Pelicans,27,4.3,0.2,0.5,1.3,3,0.719,0.382,6.8,1.732050808,8.3904,3.9976,0,0,0,0,0,0
Salah Mejri,86,235,Dallas Mavericks,32,3.9,0.7,0.3,1,3.6,0.625,0.491,16.1,1.897366596,8.3564,4.47,0,0,1,0,0,0
Anthony Tolliver,80,250,Minnesota Timberwolves,33,5,0.3,0.3,0.7,2.7,0.783,0.382,8.6,1.643167673,8.356,3.2932,0,0,0,0,0,0
Jerian Grant,76,205,Orlando Magic,26,4.2,0.1,0.7,2.6,1.6,0.65,0.418,10.8,1.264911064,8.3372,4,0,0,0,0,0,0
Frank Mason III,71,190,Sacramento Kings,24,5.1,0.1,0.4,2.2,1.1,0.684,0.42,12.4,1.048808848,8.3216,3.0836,0,0,0,0,0,0
Kosta Koufos,84,245,Sacramento Kings,29,3.7,0.4,0.4,0.9,4.2,0.417,0.477,12.3,2.049390153,8.3076,4.5368,0,0,0,0,0,0
Alfonzo McKinnie,80,215,Golden State Warriors,26,4.7,0.2,0.3,0.4,3.4,0.563,0.487,11.2,1.843908891,8.22,3.3852,0,0,0,0,0,0
Jevon Carter,74,196,Memphis Grizzlies,23,4.4,0.3,0.7,1.8,1.7,0.813,0.303,7.8,1.303840481,8.2064,3.7752,0,0,0,0,0,0
Bruce Brown,77,202,Detroit Pistons,22,4.3,0.5,0.5,1.2,2.5,0.75,0.398,6.9,1.58113883,8.1992,3.89,0,0,0,0,0,0
Jaron Blossomgame,79,220,,25,4.2,0.3,0.3,0.5,3.6,0.769,0.443,10.2,1.897366596,8.0648,3.7776,0,0,0,0,0,0
Ray Spalding,82,215,Dallas Mavericks,21,3.9,0.6,0.6,0.4,3.4,0.333,0.532,14.6,1.843908891,7.926,3.9932,0,0,0,0,0,0
Alex Abrines,78,200,Oklahoma City Thunder,25,5.3,0.2,0.5,0.6,1.5,0.923,0.357,6.3,1.224744871,7.922,2.5392,0,0,0,0,0,0
Marquese Chriss,82,240,Cleveland Cavaliers,21,4.2,0.3,0.4,0.5,3.3,0.711,0.372,9.2,1.816590212,7.9032,3.6444,0,0,0,0,0,0
Shaun Livingston,79,192,Golden State Warriors,33,4,0.4,0.5,1.8,1.8,0.784,0.519,11.7,1.341640786,7.8212,3.7336,0,0,0,0,0,0
Amir Johnson,81,240,Philadelphia 76ers,31,3.9,0.3,0.3,1.2,2.9,0.756,0.503,13.1,1.702938637,7.7836,3.7724,0,0,0,0,0,0
Cristiano Felicio,82,265,Chicago Bulls,26,4,0.1,0.2,0.6,3.6,0.685,0.531,13.4,1.897366596,7.6964,3.514,0,0,0,0,0,0
Lance Thomas,80,240,New York Knicks,30,4.5,0.2,0.4,0.6,2.5,0.75,0.396,6.4,1.58113883,7.6684,3.07,0,0,0,0,0,0
Moritz Wagner,83,245,Los Angeles Lakers,21,4.8,0.3,0.3,0.6,2,0.811,0.415,10.1,1.414213562,7.6204,2.7444,0,0,0,0,0,0
Isaiah Hicks,81,230,,24,4,1,0.3,0.7,2.3,0.8,0.5,17.4,1.516575089,7.62,3.72,0,0,1,0,0,0
Mitch Creek,77,216,Brooklyn Nets,26,4.2,0,0.4,1.2,2.4,0.714,0.5,20.2,1.549193338,7.6056,3.2056,0,0,1,0,0,0
Brandon Sampson,77,184,,21,5.1,0.2,0.6,0.7,1.1,0.667,0.467,8.5,1.048808848,7.5536,2.3268,0,0,0,0,0,0
Theo Pinson,78,218,,23,4.5,0,0.3,1.2,2,0.864,0.342,8.1,1.414213562,7.5224,2.8856,0,0,0,0,0,0
Cameron Reynolds,80,225,Minnesota Timberwolves,23,5,0.1,0.3,0.7,1.6,0.889,0.423,10.4,1.264911064,7.5048,2.3656,0,0,0,0,0,0
Damion Lee,78,210,,26,4.9,0,0.4,0.4,2,0.864,0.441,11.9,1.414213562,7.502,2.4256,0,0,0,0,0,0
Miles Plumlee,83,249,Atlanta Hawks,30,4.4,0.2,0.3,0.9,2.2,0.533,0.667,18.9,1.483239697,7.49,2.8832,0,0,1,0,0,0
Luc Mbah a Moute,80,230,Los Angeles Clippers,32,5,0.3,0.3,0.5,1.8,0.4,0.444,6.7,1.341640786,7.4576,2.37,0,0,0,0,0,0
Shake Milton,78,207,,22,4.4,0.4,0.4,0.9,1.8,0.714,0.391,9.3,1.341640786,7.412,2.9756,0,0,0,0,0,0
Alan Williams,80,265,,26,3.6,0,0.2,0.6,3.8,0.5,0.615,32.9,1.949358869,7.326,3.48,0,0,1,0,0,0
Thabo Sefolosha,79,220,Utah Jazz,34,3.8,0.1,0.9,0.5,2.5,0.636,0.477,12.1,1.58113883,7.3152,3.3544,0,0,0,0,0,0
Kyle O'Quinn,82,250,Indiana Pacers,28,3.5,0.6,0.2,1.2,2.6,0.81,0.507,16.8,1.61245155,7.3068,3.784,0,0,1,0,0,0
Grayson Allen,77,198,Utah Jazz,23,5.6,0.2,0.2,0.7,0.6,0.75,0.376,7.5,0.774596669,7.3004,1.61,0,0,0,0,0,0
Johnathan Motley,82,230,,23,4.6,0.1,0.2,0.5,2.3,0.6,0.534,18.9,1.516575089,7.2836,2.5,0,0,1,0,0,0
Timothe Luwawu-Cabarrot,78,210,Chicago Bulls,23,4.6,0.2,0.4,0.5,1.9,0.756,0.376,8,1.378404875,7.2728,2.5824,0,0,0,0,0,0
Jordan Bell,81,224,Golden State Warriors,24,3.3,0.8,0.3,1.1,2.7,0.61,0.516,12.9,1.643167673,7.2704,4.004,0,0,0,0,0,0
Nene,83,250,Houston Rockets,36,3.6,0.4,0.4,0.6,2.9,0.66,0.517,11.9,1.702938637,7.2008,3.514,0,0,0,0,0,0
Isaiah Briscoe,75,215,Orlando Magic,22,3.5,0.1,0.3,2.2,1.9,0.577,0.399,6.7,1.378404875,7.1304,3.5008,0,0,0,0,0,0
Dusty Hannahs,75,210,Memphis Grizzlies,25,4,0,0.5,2.5,0.5,1,0.25,4.5,0.707106781,7.1,3,0,0,0,0,0,0
Raymond Felton,73,205,Oklahoma City Thunder,34,4.3,0.2,0.3,1.6,1,0.923,0.407,11.2,1,7.092,2.6892,0,0,0,0,0,0
Courtney Lee,77,215,Dallas Mavericks,33,4,0.1,0.6,1.1,1.6,0.667,0.411,10.3,1.264911064,6.9912,2.8568,0,0,0,0,0,0
Rawle Alkins,77,225,,21,3.7,0,0.1,1.3,2.6,0.667,0.333,8.1,1.61245155,6.93,3.0968,0,0,0,0,0,0
Emanuel Terry,81,220,Phoenix Suns,22,3.3,0,1,0.7,2.3,0.5,0.571,19.7,1.516575089,6.8284,3.3,0,0,1,0,0,0
John Jenkins,76,215,Washington Wizards,27,4.7,0.1,0,0.8,1.4,0.833,0.4,9.7,1.183215957,6.8032,1.9732,0,0,0,0,0,0
Jaylen Adams,74,190,Atlanta Hawks,22,3.2,0.1,0.4,1.9,1.8,0.778,0.345,7.6,1.341640786,6.7092,3.4012,0,0,0,0,0,0
Brad Wanamaker,76,210,Boston Celtics,29,3.9,0.1,0.3,1.6,1.1,0.857,0.476,14.3,1.048808848,6.6932,2.6328,0,0,0,0,0,0
Dante Cunningham,80,230,San Antonio Spurs,31,3,0.2,0.4,0.8,2.9,0.778,0.475,10.2,1.702938637,6.6312,3.5012,0,0,0,0,0,0
T.J. Leaf,82,225,Indiana Pacers,21,3.9,0.3,0.2,0.4,2.2,0.613,0.541,16.9,1.483239697,6.5916,2.5652,0,0,1,0,0,0
Jon Leuer,82,228,Detroit Pistons,29,3.8,0.1,0.3,0.3,2.4,0.742,0.584,13.2,1.549193338,6.5904,2.5868,0,0,0,0,0,0
Jason Smith,84,240,New Orleans Pelicans,32,3.3,0.4,0.2,0.7,2.6,0.875,0.356,9.8,1.61245155,6.5824,3.26,0,0,0,0,0,0
Gary Payton II,75,190,Washington Wizards,26,3.7,0.3,1,1.3,0.7,0,0.625,36.9,0.836660027,6.56,2.7,0,0,1,0,0,0
Justin Anderson,78,230,Atlanta Hawks,25,3.7,0.3,0.5,0.5,1.8,0.743,0.408,11.2,1.341640786,6.4804,2.7072,0,0,0,0,0,0
Jimmer Fredette,74,195,Phoenix Suns,29,3.7,0,0.5,1.3,1.2,1,0.276,3.6,1.095445115,6.4604,2.65,0,0,0,0,0,0
Glenn Robinson III,78,222,Detroit Pistons,25,4.2,0.2,0.3,0.4,1.5,0.8,0.42,8.7,1.224744871,6.458,2.15,0,0,0,0,0,0
Abdel Nader,78,225,Oklahoma City Thunder,25,4,0.2,0.3,0.3,1.9,0.75,0.423,8.8,1.378404875,6.4492,2.34,0,0,0,0,0,0
Patrick Patterson,81,230,Oklahoma City Thunder,29,3.6,0.2,0.3,0.5,2.3,0.633,0.374,8.1,1.516575089,6.4028,2.7132,0,0,0,0,0,0
PJ Dozier,78,205,,22,3.2,0,0.3,0.8,2.8,0.5,0.381,16,1.673320053,6.3724,3.02,0,0,1,0,0,0
Daniel Hamilton,79,195,Atlanta Hawks,23,3,0.1,0.3,1.2,2.5,0.5,0.383,7.1,1.58113883,6.3132,3.19,0,0,0,0,0,0
Georges Niang,80,230,Utah Jazz,25,4,0.1,0.2,0.6,1.5,0.833,0.475,13,1.224744871,6.2632,2.1032,0,0,0,0,0,0
Hamidou Diallo,77,198,Oklahoma City Thunder,20,3.7,0.2,0.4,0.3,1.9,0.61,0.455,10.1,1.378404875,6.206,2.384,0,0,0,0,0,0
Wesley Johnson,79,215,Washington Wizards,31,3.4,0.3,0.4,0.6,1.9,0.684,0.352,5.5,1.378404875,6.1744,2.7236,0,0,0,0,0,0
Chris Boucher,82,200,Toronto Raptors,26,3.3,0.9,0.2,0.1,2,0.867,0.447,22.2,1.414213562,6.1256,2.9168,0,0,1,0,0,0
Robert Williams,82,240,Boston Celtics,21,2.5,1.3,0.3,0.2,2.5,0.6,0.706,18.8,1.58113883,6.1224,3.73,0,1,1,0,0,0
Milos Teodosic,77,196,Los Angeles Clippers,31,3.2,0.1,0.2,2.1,1.1,0.571,0.425,6.5,1.048808848,6.1084,2.7684,0,0,0,0,0,0
Gary Clark,80,225,,24,2.9,0.5,0.4,0.4,2.3,1,0.331,9.2,1.516575089,6.0724,3.19,0,0,0,0,0,0
Ryan Broekhoff,79,215,Dallas Mavericks,28,4,0.1,0.1,0.5,1.5,0.789,0.452,10.7,1.224744871,6.0664,1.9156,0,0,0,0,0,0
Patrick McCaw,79,185,Cleveland Cavaliers,23,2.6,0.1,0.8,1,1.7,0.867,0.413,7.5,1.303840481,5.872,3.1368,0,0,0,0,0,0
Tyrone Wallace,77,198,Los Angeles Clippers,24,3.5,0.1,0.3,0.7,1.6,0.526,0.424,7,1.264911064,5.86,2.2204,0,0,0,0,0,0
Andrew Harrison,78,213,Memphis Grizzlies,24,3.2,0.1,0.2,1.4,1.2,0.944,0.302,5.8,1.095445115,5.7884,2.4976,0,0,0,0,0,0
Daryl Macon,75,185,,23,3.6,0,0.1,0.9,1.5,0.571,0.37,5.5,1.224744871,5.7564,2.0084,0,0,0,0,0,0
Channing Frye,84,255,Cleveland Cavaliers,35,3.6,0.1,0.2,0.6,1.4,0.786,0.368,8.9,1.183215957,5.7316,2.0144,0,0,0,0,0,0
Marcus Derrickson,79,249,,22,4.2,0.1,0,0.1,1.2,0.8,0.485,19.4,1.095445115,5.694,1.33,0,0,1,0,0,0
Jose Calderon,75,200,Detroit Pistons,37,2.3,0.1,0.3,2.3,1.2,0.818,0.375,7.1,1.095445115,5.5972,3.1772,0,0,0,0,0,0
Skal Labissiere,83,235,Portland Trail Blazers,22,3,0.3,0.2,0.5,2,0.529,0.531,12.6,1.414213562,5.584,2.4616,0,0,0,0,0,0
Julian Washburn,80,210,,27,2.2,0.1,0.7,0.8,2.3,0.75,0.333,6.5,1.516575089,5.5732,3.27,0,0,0,0,0,0
Ben McLemore,77,201,Sacramento Kings,25,3.9,0.2,0.3,0.2,0.9,0.667,0.391,10.5,0.948683298,5.5332,1.5368,0,0,0,0,0,0
Demetrius Jackson,73,201,Boston Celtics,24,3.7,0,0.3,0.8,0.5,1,0.533,21,0.707106781,5.5232,1.61,0,0,1,0,0,0
Jerome Robinson,77,190,Los Angeles Clippers,21,3.4,0.1,0.3,0.6,1.2,0.667,0.4,7.2,1.095445115,5.4568,1.9268,0,0,0,0,0,0
Semi Ojeleye,79,241,Boston Celtics,24,3.3,0.1,0.2,0.4,1.5,0.615,0.424,8.5,1.224744871,5.3156,1.876,0,0,0,0,0,0
Anfernee Simons,76,185,Portland Trail Blazers,19,3.8,0,0.1,0.7,0.7,0.563,0.444,11.1,0.836660027,5.2828,1.3052,0,0,0,0,0,0
Eric Moreland,82,238,Phoenix Suns,27,1.4,0.2,0.2,0.8,4,0,0.429,6.7,2,5.2716,3.76,0,0,0,0,0,0
Kalin Lucas,73,195,,29,2,0,0,1,3,1,0,16.6,1.732050808,5.2,3.2,0,0,1,0,0,0
Yuta Watanabe,81,205,,24,2.6,0.1,0.3,0.5,2.1,0.7,0.294,3.3,1.449137675,5.1876,2.5,0,0,0,0,0,0
Caleb Swanigan,81,250,Sacramento Kings,21,2,0,0.3,0.5,3,0.667,0.34,4.7,1.732050808,5.1528,3.0168,0,0,0,0,0,0
Duncan Robinson,80,210,,24,3.3,0,0.3,0.3,1.3,0.667,0.391,7.6,1.140175425,5.1432,1.6868,0,0,0,0,0,0
Sviatoslav Mykhailiuk,80,205,Detroit Pistons,21,3.2,0,0.3,0.9,0.9,0.6,0.329,6,0.948683298,5.1316,1.8,0,0,0,0,0,0
Ekpe Udoh,82,245,Utah Jazz,31,2.3,0.6,0.2,0.5,1.8,0.633,0.694,20.9,1.341640786,5.0608,2.6632,0,0,1,0,0,0
B.J. Johnson,79,200,Atlanta Hawks,23,3.3,0,0.3,0,1.1,1,0.5,12.8,1.048808848,4.97,1.47,0,0,0,0,0,0
Tahjere McCall,77,195,Brooklyn Nets,24,4,0,0,0,1,0,0.667,9.6,1,4.9668,0.7,0,0,0,0,0,0
Udonis Haslem,80,235,Miami Heat,38,2.5,0,0,0.2,2.7,0.75,0.333,3.6,1.643167673,4.9632,2.33,0,0,0,0,0,0
Edmond Sumner,78,176,Indiana Pacers,23,2.9,0.2,0.5,0.4,1,0.625,0.344,7.6,1,4.9076,1.93,0,0,0,0,0,0
Jarell Martin,82,239,Orlando Magic,24,2.7,0.2,0.1,0.4,1.7,0.818,0.413,9.4,1.303840481,4.9024,2.0972,0,0,0,0,0,0
J.P. Macura,77,205,,23,3,0,0,1,1.5,0,0.333,5.7,1.224744871,4.8832,1.75,0,0,0,0,0,0
Amile Jefferson,81,222,,25,2.3,0.3,0.3,0.3,1.8,0.875,0.625,21.1,1.341640786,4.88,2.42,0,0,1,0,0,0
Lorenzo Brown,77,189,Toronto Raptors,28,2.1,0.2,0.5,1.1,1.2,1,0.324,6.3,1.095445115,4.8796,2.71,0,0,0,0,0,0
Isaac Humphries,84,255,Atlanta Hawks,21,3,0,0.2,0,2.2,0,0.286,3.4,1.483239697,4.8544,1.74,0,0,0,0,0,0
Justin Patton,84,241,Philadelphia 76ers,21,1.7,0,0.7,1,2,0.5,0.286,10.5,1.414213562,4.8144,3,0,0,0,0,0,0
Quincy Acy,79,240,Phoenix Suns,28,1.7,0.4,0.1,0.8,2.5,0.7,0.222,2.9,1.58113883,4.7588,3.09,0,0,0,0,0,0
Lonnie Walker,77,205,San Antonio Spurs,20,2.6,0.2,0.4,0.5,1,0.8,0.348,10.8,1,4.6492,1.97,0,0,0,0,0,0
Malcolm Miller,79,210,Toronto Raptors,25,3.5,0.1,0.1,0.1,0.5,0.75,0.423,13.7,0.707106781,4.5592,0.92,0,0,0,0,0,0
Isaiah Hartenstein,84,249,Houston Rockets,20,1.9,0.4,0.3,0.5,1.7,0.786,0.488,10,1.303840481,4.5296,2.5544,0,0,0,0,0,0
Guerschon Yabusele,80,260,Boston Celtics,23,2.3,0.2,0.2,0.4,1.3,0.682,0.455,12.4,1.140175425,4.2848,1.8628,0,0,0,0,0,0
Deonte Burton,77,245,,25,2.6,0.3,0.2,0.3,0.9,0.667,0.402,7,0.948683298,4.2776,1.6068,0,0,0,0,0,0
Troy Caupain,76,210,,23,2.5,0,0.3,1,0.8,0,0.5,30.7,0.894427191,4.26,1.56,0,0,1,0,0,0
Dairis Bertans,76,200,New Orleans Pelicans,29,2.8,0,0.1,0.8,0.8,0,0.255,2,0.894427191,4.122,1.22,0,0,0,0,0,0
C.J. Williams,77,226,,28,2.6,0,0.4,0.8,0.5,0,0.486,8.8,0.707106781,4.1044,1.31,0,0,0,0,0,0
Scott Machado,73,205,Los Angeles Lakers,28,2.5,0,0.3,0.8,0,1,0.667,22.2,0,4.0268,1.26,0,0,1,0,0,0
Khyri Thomas,75,210,Detroit Pistons,22,2.3,0.2,0.3,0.3,0.8,0.636,0.319,6.2,0.894427191,3.892,1.5244,0,0,0,0,0,0
Gary Trent Jr.,78,205,Portland Trail Blazers,20,2.7,0.1,0.1,0.3,0.7,0.429,0.32,3.6,0.836660027,3.8696,1.0716,0,0,0,0,0,0
Drew Eubanks,82,245,,21,1.8,0.2,0.1,0.3,1.5,0.846,0.577,15.1,1.224744871,3.8692,1.8984,0,0,1,0,0,0
Jordan Loyd,76,210,,25,2.4,0,0,0.5,0.8,0.818,0.444,16.3,0.894427191,3.8148,1.2372,0,0,1,0,0,0
Jared Terrell,75,227,,23,2.2,0.1,0.2,0.9,0.4,0.5,0.308,0.7,0.632455532,3.7032,1.41,0,0,0,0,0,0
Angel Delgado,82,245,,24,1.5,0,0.5,0,2,0.5,0.2,4.3,1.414213562,3.68,2.1,0,0,0,0,0,0
Wade Baldwin,76,200,Indiana Pacers,22,1.9,0.1,0.1,0.8,0.9,0.727,0.303,1.3,0.948683298,3.672,1.6808,0,0,0,0,0,0
Chimezie Metu,82,225,San Antonio Spurs,21,1.8,0.1,0.2,0.4,1.2,0.765,0.328,6.4,1.095445115,3.6272,1.726,0,0,0,0,0,0
James Nunnally,79,208,Minnesota Timberwolves,28,2.4,0,0.1,0.5,0.3,1,0.353,7.3,0.547722558,3.6012,1.06,0,0,0,0,0,0
Quincy Pondexter,79,230,San Antonio Spurs,30,1.8,0,0.2,0.5,0.9,0.81,0.5,13.2,0.948683298,3.504,1.504,0,0,0,0,0,0
Jarred Vanderbilt,81,214,Denver Nuggets,19,1.4,0.1,0.4,0.2,1.4,0.6,0.474,12.4,1.183215957,3.4196,1.86,0,0,0,0,0,0
Jordan Sibert,76,187,Atlanta Hawks,26,3,0,0,0,0,0,1,29.7,0,3.4,0,0,0,1,0,0,0
Deng Adel,79,200,,21,1.7,0.2,0.1,0.3,1,1,0.306,2.7,1,3.3724,1.61,0,0,0,0,0,0
Donatas Motiejunas,84,222,San Antonio Spurs,28,2,0.3,0,0.3,1,0,0.5,-0.5,1,3.32,1.21,0,0,0,0,0,0
Jawun Evans,72,185,Los Angeles Clippers,22,0.8,0,0.4,1.3,1.5,0,0.214,0.1,1.224744871,3.2456,2.36,0,0,0,0,0,0
Nick Young,79,210,Denver Nuggets,33,2.3,0.3,0,0.5,0.3,0,0.333,2.3,0.547722558,3.2032,0.86,0,0,0,0,0,0
Haywood Highsmith,79,220,,22,1.8,0,0.2,0.4,1,0,0.4,4.5,1,3.14,1.18,0,0,0,0,0,0
Dzanan Musa,81,208,Brooklyn Nets,19,2.1,0,0.2,0.2,0.6,0,0.409,5.8,0.774596669,3.0236,0.76,0,0,0,0,0,0
Isaac Bonga,80,180,Los Angeles Lakers,19,0.9,0.2,0.4,0.7,1.1,0.6,0.152,6,1.048808848,3.0008,2.1,0,0,0,0,0,0
Ron Baker,76,220,New York Knicks,25,0.9,0.1,0.4,1,0.7,0.833,0.2,2.5,0.836660027,2.9732,2.0232,0,0,0,0,0,0
Naz Mitrou-Long,76,218,,25,1.1,0.1,0.1,1.1,0.4,1,0.3,2.2,0.632455532,2.84,1.65,0,0,0,0,0,0
Joe Chealey,75,190,,23,2,0,0,1,0,0,0.333,2,0,2.8332,0.7,0,0,0,0,0,0
Jacob Evans,78,210,Golden State Warriors,21,1.3,0.1,0.2,0.8,0.8,0,0.34,3.5,0.894427191,2.826,1.42,0,0,0,0,0,0
Trevon Duval,74,189,,20,1.7,0,0,0.7,0.3,0,0.667,38.3,0.547722558,2.6668,0.7,0,0,1,0,0,0
Yante Maten,80,240,,22,1,0,0.5,0,1.5,0,0.25,5.7,1.224744871,2.65,1.55,0,0,0,0,0,0
Thomas Welsh,84,255,,22,1.6,0,0,0.5,0.4,0.5,0.538,16.1,0.632455532,2.6452,0.83,0,0,1,0,0,0
Brandon Goodwin,74,180,,23,1.4,0,0,0.9,0.2,0.818,0.261,8.3,0.447213595,2.6016,1.0972,0,0,0,0,0,0
Kostas Antetokounmpo,82,200,,21,1,0,1,0,0.5,0.5,0,-0.9,0.707106781,2.55,1.55,0,0,0,0,0,0
Terrence Jones,81,252,Houston Rockets,27,1,0,0,0,2,0,0.25,-15.8,1.414213562,2.5,1.4,0,0,0,0,0,0
Alize Johnson,81,212,Indiana Pacers,22,0.9,0.2,0.1,0.1,1.4,0.5,0.25,6.3,1.183215957,2.49,1.55,0,0,0,0,0,0
Sindarius Thornwell,77,215,Los Angeles Clippers,24,1,0.1,0.2,0.3,0.7,0.735,0.347,5.2,0.836660027,2.4028,1.294,0,0,0,0,0,0
Zhou Qi,85,210,Houston Rockets,23,2,0,0,0,0,0,1,80.4,0,2.4,0,0,0,1,0,0,0
Vince Edwards,80,225,,22,1.5,0,0,0,1,0,0.25,3.8,1,2.3,0.7,0,0,0,0,0,0
Malachi Richardson,78,205,Philadelphia 76ers,23,1.4,0,0,0,0.6,0.8,0.31,0.9,0.774596669,2.264,0.74,0,0,0,0,0,0
Melvin Frazier,78,200,Orlando Magic,22,1.5,0,0.1,0.1,0.5,0,0.333,1.2,0.707106781,2.1532,0.52,0,0,0,0,0,0
Davon Reed,77,208,Phoenix Suns,23,1.2,0,0.1,0.3,0.6,0,0.417,8.1,0.774596669,2.0968,0.73,0,0,0,0,0,0
Chris Chiozza,72,176,Houston Rockets,23,0.9,0.1,0.1,0.6,0.6,0,0.25,7,0.774596669,2.01,1.04,0,0,0,0,0,0
Tyler Lydon,82,225,Denver Nuggets,22,0.9,0,0.1,0.2,0.7,0.333,0.5,9.3,0.836660027,1.9632,0.8632,0,0,0,0,0,0
Tyler Cavanaugh,81,238,,24,0.8,0,0,0.1,0.7,1,0.3,5,0.836660027,1.88,0.96,0,0,0,0,0,0
Ike Anigbogu,82,250,Indiana Pacers,20,0,0.3,0,0.3,1,0,0,-6,1,1.12,1.21,0,0,0,0,0,0
George King,78,225,,25,0,0,0,0,1,0,0,1.9,1,0.7,0.7,0,0,0,0,0,0
Andre Ingram,75,190,Los Angeles Lakers,33,0,0,0.3,0,0.5,0,0,-11.9,0.707106781,0.65,0.65,0,0,0,0,0,0
Okaro White,80,205,Washington Wizards,26,0,0,0,0,0.7,0,0,-4.5,0.836660027,0.49,0.49,0,0,0,0,0,0
Kobi Simmons,77,166,Cleveland Cavaliers,21,0,0,0,0,0,0,0,0,0,0,0,0,0,0,0,0,0
Donte Grantham,80,215,,23,0,0,0,0,0,0,0,-38.1,0,0,0,0,0,0,0,0,0
