var1,var2,var3,var4,var5,var6,group_var
-672.2016106940424,96.74043718520566,126.16991588288391,106.6081437323433,912.1121756062583,107.99959458559003,A
-524.8394256581001,93.90470193564207,109.894182416357,108.34265928500221,803.1731743332408,97.60875982820978,A
-269.6351743724415,119.81209202701334,97.35075268656837,101.65098196880656,835.1850037322465,94.57542636826186,A
-367.7057353017069,91.18373735918263,91.4921131892631,88.58230375684639,1090.2411419607772,127.33631334263684,A
-691.5292001207329,99.41664841489296,130.6818147311431,104.16966314283778,1017.5404882251884,122.4256378672994,A
-126.96050692436484,93.5344611160388,69.83472701315887,101.52155168976218,800.859600415306,91.34210358771783,A
-497.5154932044081,78.19135902301039,100.18135855884258,103.78710609778288,825.8071400125765,91.39226580785066,A
-263.2469471659424,98.51911704611207,88.78529701934693,104.80711424117699,895.2091661842675,103.9356585872081,A
-519.12305572762,101.45024438019252,113.65476439885424,89.34822186294558,875.2118562271575,102.33311460233682,A
19.00712264033632,114.51706239311753,65.89024150597467,109.56208583732483,754.0504811715405,85.06050855742897,A
-691.0912951772616,77.64114253908066,118.77381055636528,98.6838734591554,978.2383325066934,117.12262679770012,A
-441.7130398706256,128.78365658589814,120.0587579656958,103.54364655391652,688.5449976930737,76.63498924450758,A
-707.3389367868317,98.19036368057101,127.92928012526455,111.17589492956435,849.109485320218,98.30517888776666,A
-242.57852341717773,126.25440958827403,98.5369317411432,128.5019559443153,1121.6139036947775,135.76226638287298,A
-109.76127573104066,120.63498577843478,79.61309182578643,102.37788454993637,845.1291990765312,98.21494164591495,A
-370.90008999017994,95.91487424667628,91.77672494464643,101.51587462356311,822.9454963333632,94.71638080294802,A
-733.8941704845495,70.92697979494876,118.29335744159732,117.65120689229896,694.0983115266293,78.50142996332978,A
-344.0132171585509,101.07381991993859,94.36180834778084,108.165355036797,805.1344458608809,93.07503781760963,A
-365.29454612648624,91.27829518941354,91.5555986456603,85.25530823060276,942.7992662478466,115.81657711333716,A
-254.1274236349883,89.79041836172078,80.56505802089491,66.41980529227779,854.451719050868,96.50145563005863,A
-376.6961255740954,111.7962207602806,104.32446324507103,92.34398537128203,855.8242191262771,99.32607493978497,A
-193.7343442483591,91.86929144646551,73.33878649194585,120.96469264584573,909.763023344017,103.97276982420689,A
-347.1843736249152,95.53764667049342,90.36909594763377,86.30309747579514,900.2869140444616,107.1780685145091,A
-445.65540621076127,114.75680851438588,113.46376427365053,98.46726413457864,859.9329275733503,100.23886796400411,A
-282.04741916358364,98.29550890872761,88.84658187303381,85.86326782074138,855.5881567702501,97.43009316340058,A
-390.6946227624302,114.8848947530304,105.70950466491381,109.63260431954193,962.5824550640496,116.07948770348818,A
-138.11635990681566,81.43640513244428,64.66732723403,124.13795497873537,1076.404147735952,131.0707845810669,A
-445.3518961946054,98.45235732905253,103.96409753547708,104.21019813605652,902.8714223232319,100.71516574286916,A
-352.33337729446066,127.63576105040039,107.72169802359099,97.02587561665008,796.6532530820084,88.91084589040945,A
-367.0053926293407,114.64653257598458,102.64542147714508,116.1584784041226,862.8274961339654,101.90664579227655,A
-133.59963949627308,109.56050294064414,77.80692395207842,113.9637151574768,1050.940027369247,126.78686431674016,A
-688.4704698197837,65.5920386784473,110.30450148721431,106.72762450105188,960.1195512893976,111.53786357720101,A
-139.08543015991597,116.70458623032614,82.53088576817808,86.69497127769237,842.5896774511717,97.88198888250226,A
-373.6937516498376,116.81210623181613,106.31782233803678,116.98789276262087,774.6229956991356,92.74808237954618,A
-47.59329290858909,128.25700289667822,78.23669801992915,92.17436744303133,796.1564898470209,95.02012867105798,A
-280.1775345962981,97.1118180902579,87.39913638135785,107.4136407355861,921.7513825486719,108.2660806908172,A
-785.3840063779215,69.95183640964181,121.48914296361835,100.89558089275667,921.0608237582572,109.3740823865686,A
-338.46079506898207,113.24970116626423,102.3590520690444,81.43497385298909,815.1731457108176,94.63594283164203,A
-458.2208761454184,100.68715504786203,105.15954921633784,88.62764116122366,841.9991500532858,99.9802880753428,A
-833.3176696475098,98.84944889943213,143.1563727689749,109.47793857219389,779.1124961586038,88.88405559232272,A
-282.0110441475632,117.15171101915632,96.93964258664829,95.58423211555309,882.7425525349888,102.31649289934687,A
-250.33613689700314,98.65900009852481,86.63785919672614,85.481708473435,992.7209961505173,116.60920869132225,A
-482.292475509209,91.53028327956993,104.38109735892336,116.32722851718398,882.7963848059899,102.58985404262714,A
-489.7967975905681,141.91862572017493,128.9049824028511,69.81512731923894,599.3012985547635,62.95382042854495,A
-294.2623756832096,102.65308444848645,90.87539791227194,113.06176520743296,730.6152303716071,81.78586072982037,A
-584.8676761614586,90.77377991084055,111.25762455941965,106.49798890823637,863.9915130730054,96.78025630844421,A
-391.3560872150299,92.69521820333169,94.96211793016407,95.72673265984594,864.0818338296966,100.56776679780106,A
-320.5716227880831,82.53753119203442,81.87371220447628,128.89327355639247,909.9802878178831,104.59360736841505,A
-198.2038156424402,115.18284326669507,87.86186783522251,102.38464596735824,843.0401711584091,97.52064423850607,A
-396.72996124868337,84.28961661182316,91.26271955302241,94.13266080101789,965.5070233163319,116.12762072232943,A
-378.5604627271706,70.81471306328898,81.4739189889218,145.8476531418465,938.2133009826069,111.34379184617143,A
-480.30615225103907,93.8273276418586,105.83381358609678,120.12246610274327,730.0220872386935,83.39175152657099,A
-422.08109759078945,104.50884697320046,104.97555030747188,79.23249327270942,915.3330257106452,108.38763862052632,A
-368.28656031458274,90.63852638996337,92.38547574872182,118.32343222993613,831.7912374231406,96.34317365010662,A
-453.3687330327782,88.69484925449629,102.59460640145525,81.0443656610854,1142.9499813374562,137.06906808713205,A
-535.7573661588502,84.26556998324769,105.83970213664558,88.5627171516587,842.5013523782097,95.3935139819938,A
-571.9357440545017,94.08012249431366,111.69275582057068,106.19508793745639,959.3891108528101,112.21464610293084,A
-102.50141557744917,98.00863805050011,68.65124114591897,118.13917654573528,936.1887306030875,110.32959504805399,A
-331.20928162870814,123.12402621928963,105.92429600142457,109.76656549002801,1028.253451347453,122.85921020096544,A
-455.18460052178204,112.22216178377548,111.74316072782355,100.06889471046293,739.0347949157989,86.03127283154761,A
-551.1090112656603,107.20343288162738,119.6983645085054,103.78414595127956,737.7643483013912,82.59733923223061,A
-324.90075719067056,108.66195345884235,95.52504170859564,100.79674005801064,875.4716518801707,102.38090140494816,A
-283.09943094434755,109.40458755500205,93.15102085526505,115.37707407393039,1112.5192523525022,133.07365439941077,A
-500.25993789836275,77.73417368428045,97.46174004440037,91.98392293066256,911.5162899353804,109.91890140092173,A
-703.624406477175,75.33566846464898,118.82404095858831,112.60925832333179,784.8683435247896,91.64393424854187,A
-354.49387753798646,115.20928446444451,104.79539637140948,103.97207910075716,689.5452022007254,78.93796584998778,A
-268.9689903142621,105.9794754629046,91.9278272637249,102.98596425544524,902.9145414258427,104.40813898184558,A
-380.59017230366794,80.65269475878821,89.50528213663009,127.59163514154079,916.7810950804354,106.96924326690188,A
-195.86222776563795,98.2327963965626,78.97127261978035,80.84030665551457,824.1659531345196,97.91512425574197,A
-321.0001326742354,105.68624480125271,95.25247427168979,109.80283216165596,833.2730866406613,97.47918487806689,A
-620.0053555460169,90.969393433206,115.50647161815219,94.93038615191423,903.1773206328047,102.570696891832,A
-326.6445785561144,115.59864637723508,99.40482571682755,80.87347119795652,828.7763354141979,95.52020139635805,A
-511.7629107937819,97.3359151203982,113.14827417952287,111.36781801849662,1023.6615665174575,120.44719192484142,A
-484.38478220048125,108.32967587987133,112.0010781905906,111.66979739186594,608.9879940219189,68.75022876116577,A
-508.81351206223735,112.1184025341878,116.41471317018738,100.61965986950067,729.1546278109672,84.61639486202368,A
-536.7329619001176,98.05257642564952,115.04847798998938,119.30877476778896,901.3162794138768,105.29965497143286,A
-368.7602569123118,81.5026057342741,85.81732662675778,135.90464046372318,824.2886925593791,98.29013604316881,A
-281.5735271500979,115.95489180261997,94.69859802794798,105.35932743679616,809.8395246363295,94.01176938838142,A
-167.7907429112961,131.39686393950146,92.26283773605894,105.93765278611885,881.7116122029065,101.9941267085969,A
-360.1990501097098,110.97680406170775,100.9054654136938,80.41133358910123,865.1465942283925,99.68329996952195,A
-562.3868458802789,78.5121695817883,104.48885976244321,93.11292559653485,734.1211688773258,85.76038367105375,A
-412.06892986254354,97.11317358599072,102.46622265091342,111.02258166707601,1030.0594794225358,122.73006521795753,A
-197.9249715405283,105.90855992054512,83.6901970853773,116.05468269501566,840.8630641234793,96.82569770502495,A
-387.1801425034424,96.66458168769223,99.30560450739473,101.25792526479059,878.1238627009549,103.67116292271592,A
-333.68451851961163,97.78908996288892,90.97479553792512,112.75332113651554,1020.0631857263429,120.46453819833961,A
-280.96040932876974,124.88351124780536,102.2493412829145,79.88217907740278,980.2857844450923,116.50567204140148,A
-189.11870270072757,103.42302844898602,79.41674234513381,104.66554839639552,880.0583302109314,104.31239514869162,A
-623.7781221184052,83.94002961291577,115.08982542853366,66.8195074418403,881.7822092492181,101.12131517263282,A
-172.78299200412164,96.50323967359864,76.615095274122055,84.5556466620764,688.8141630448422,75.82005157975188,A
-481.1096684594762,90.3100342812651,102.84389526861091,125.09627997453978,871.9350675116748,100.78245467883256,A
-691.9739086767429,91.00577471119978,125.64405658643157,84.01452808395081,815.7381685350493,94.7827479788246,A
-485.009409488231,79.87100750761456,98.42299749803726,85.522914502732,692.807794326749,77.39001244691674,A
-526.6146184744185,69.26055813786353,101.14805508619665,66.34353139730015,868.3012978004385,104.08908953753347,A
-417.7682040959909,105.00633522313613,103.4505951539895,79.68956588174986,890.0191974428071,103.75632123384571,A
-320.8190973045606,73.7098464293847,78.63322932849339,104.75525078207849,838.1303752968105,98.26006190228803,A
-117.5532629266861,104.98459426123303,73.41436145343468,93.36545138759543,908.1934530349143,103.71616662898626,A
-455.6927361117798,88.3802945703868,100.79739918444527,120.0836127164014,749.6620681122508,85.93921099629866,A
-605.982469332574,105.8884164648402,123.92706189624182,85.930831656648,948.6055957666968,112.70573464845107,A
-415.78604392613966,96.55101812883252,103.61954100721472,111.32785291987017,786.0971643429602,91.07978388844387,A
-172.58234508795874,118.4587363970979,87.08486538316525,84.5122016614159,865.7314698916903,102.1253420925324,A
-470.5731221053335,80.24756126831863,97.07044282479131,93.57193241702412,771.7753366047268,91.26272167960339,B
-531.1120219533866,80.33794194498643,105.48167095987442,118.89593351640774,953.1826679402611,116.8685953828528,B
-526.3687111950861,101.64985168512727,109.67673997242082,86.83830227032654,717.1329579943417,85.11067952282471,B
-153.2245383560752,100.9638476073696,73.72322980219349,113.6307016908694,1042.7172679182993,121.16410726065558,B
-516.2384033834107,122.79541673723682,126.10199997272257,107.94391008407706,799.0265511380553,91.32229599061318,B
-462.836217921635,87.02225686700378,99.07059033152765,109.18077372769423,862.2713387242106,98.85522998853955,B
-143.58116104802616,127.91802827665502,88.72353916962233,101.47018382722453,662.3782733653154,73.62686815953123,B
-395.75192157012214,92.33673902047275,94.15852585444782,78.26367705090101,853.883613633365,100.253662215528,B
-222.8430312951864,105.42801257548291,86.85464200489388,118.97949797940598,892.1337010268938,103.60147507701426,B
-393.3569352868367,112.0229632455272,105.00563492617592,94.47365196401341,826.2385536591453,93.57779014932686,B
-425.69699135134283,98.66128149142511,102.7352446088566,80.96035359893895,821.2379440546476,96.04443506747451,B
-649.1599546538718,97.2697726146369,122.43727678752305,95.19642139551564,1042.1404949643913,124.5565645771367,B
-194.1900875509417,107.36469121373756,82.51265229389733,111.41885888706764,1008.9136396838785,121.67245417672675,B
-174.85290938877972,116.708661282406,86.3455591776026,94.75734808612188,922.1741636346458,113.55070402809649,B
-222.0182328134906,92.55477860686462,79.23909294911586,103.74047739610052,892.2477171542444,107.95932174070785,B
-432.7755522351806,86.11687298906546,94.68268055532299,111.8191237377014,731.7274065653132,82.31611987843874,B
-341.1783283541138,89.53579157091266,91.39532999792266,99.79333262710713,791.1575098124507,92.77241353780084,B
-435.29914513451865,105.92567271486216,106.94863185516932,105.65624594216129,1060.1471703659047,124.64942357571388,B
-823.0716867154277,86.49989560325592,133.24566047933632,91.59567361687718,916.1623555142064,108.66408983058076,B
-622.4188453512681,84.34873359166923,114.49181714744903,97.03571672036455,860.5888689547737,100.18576734260095,B
-571.9526582095076,95.18756990006646,115.13905222205946,112.43859631536894,824.2291515225531,97.6966932422946,B
-174.9636031853605,108.6321713372174,81.78045479470411,90.7289893853599,894.2733500755751,108.62049331478785,B
-574.6219372244525,104.6667455185426,119.16060485512091,85.06716925251115,949.3339500188621,111.24216251495754,B
-558.9029588797484,84.22788772571579,105.18037079737707,103.75126089459435,812.5794965362782,92.25527125406533,B
56.31164756714486,138.28716051402196,72.96618143778038,104.32060952685029,1018.9122607456156,120.47906479658165,B
-432.2897378387878,102.36437821060957,106.96001055096752,123.14240127407277,899.7436223864346,106.28032287256639,B
-382.5393612613228,98.2158537923136,98.05844014224989,105.90641376487702,893.2508359844303,106.4717767020495,B
-327.46288665224426,112.03974450516179,99.45208936135083,60.09909777352915,946.012027304255,112.9029972381609,B
-512.3645020924328,103.25025996685704,113.43121462684775,77.58982740856996,997.1778670807541,121.82516761006178,B
-401.1305595483906,93.5760693908381,99.95906490265251,104.15238202739565,786.7074467616535,94.59283031495957,B
-531.4932497402791,92.58699859144578,111.0277915651428,109.0580508347456,686.3137532079771,79.25128995038509,B
-290.89212378324976,87.38150031424017,82.08134933615443,114.58983096189843,849.3230824564018,99.29426920435428,B
-332.49192532542224,116.83809084479782,102.07678325109914,56.51153917414423,814.6543052865233,94.97112282012353,B
-267.0782258128613,103.40590965011886,89.0899421341318,107.22961214173219,876.0322770884934,103.56094034059335,B
-562.8190899428458,78.42285287580438,104.78808405796927,127.41220179887557,799.4662153922031,95.3099941857154,B
-201.8664892856168,110.9709507612113,87.572188946177,88.85704090909941,736.8859814663906,83.95018935643037,B
-818.3471308642904,87.50953879574911,135.22663486522083,84.76582129462084,837.9145770505729,97.36713232168617,B
-257.7503681701138,120.37442740477498,95.58353253888755,95.72678677954381,643.032610931606,72.68956827617465,B
-127.63879400095675,119.96104861942648,83.30355762683408,96.38650275776793,726.1542046723387,83.5952392819056,B
-437.16040735451816,104.54121426606028,105.07052092140201,84.7987823115405,801.3577727082175,93.18752182908038,B
-147.5031811164199,99.71900490675458,74.65104483320621,124.1199358107609,1009.1913599586826,120.57674943572073,B
-199.2909618540283,107.08394185801694,83.57536996573086,117.47697352170177,918.156039059365,106.69430978432278,B
-474.7621295738212,87.82759806569722,101.88880170995832,116.94541275104496,696.7119488624335,76.37367689884059,B
-358.7301195621317,108.8368592215987,102.14092854184739,110.01630928000785,780.9766223629795,92.97609607561681,B
-206.82884782908468,133.20374061576962,95.60632736639428,86.5352163217321,881.3321982084893,102.78946811180845,B
-750.8795181346042,83.25632979155311,127.0460850265161,80.03112934605912,906.2337025449754,106.79480193073226,B
-506.6710709071791,99.91661324909008,111.45662529859592,102.51188031206077,829.6266109363174,95.1733353510048,B
-396.6951326321116,95.75552377774886,97.12026656989717,134.20016827394977,921.2554193994787,109.2165210593447,B
-46.50963076351297,106.09063454003685,66.15156537289727,90.35145015119639,1033.1621023035366,123.43437053582554,B
-181.35169907465672,100.61942264775028,76.20512728945923,85.26170553382384,992.5171013032901,117.80665072434942,B
-365.38636543855966,107.65618225361393,100.83514160151461,119.69669535102139,925.5934719775055,106.81495997090191,B
-596.5909436368448,88.51763531337888,113.37272798048119,106.76142552327254,766.5245628661235,87.54855968787857,B
-303.3481883444898,114.43663519556554,98.43860968248698,103.22077461439228,1116.2393294596336,131.38214058764453,B
-433.06999685128255,104.00173213934971,104.42437540435536,96.54542033388758,772.8052163802291,91.96426036630159,B
-709.1889403878661,116.71762169175403,139.40136332379294,88.48998708583117,959.9288131517565,113.0373682473116,B
-443.21852896395467,80.43046914881319,93.14771367298955,69.05640097743185,952.3903570450591,112.91101676050879,B
-458.01687360629353,72.55845002391135,92.9614629421937,114.56848273997102,841.7513455445501,100.82127635327807,B
-477.10795054086503,82.15288536433914,97.49100605215448,117.44123612253291,910.438428323562,109.40527658216816,B
-222.20038489739,116.77618160799864,90.5649776954944,98.56832359769695,1009.8585916714745,117.79989118802303,B
-500.21983185897295,91.06818055867721,105.14020276451454,73.42298286259192,845.8076167512606,97.95263022156969,B
-420.7317523759116,131.6214248944237,119.17093445273044,92.58558013763519,888.0570647146654,103.58727203439278,B
-245.67520071498382,100.66894632450675,86.09269209577178,88.79609884576254,1026.4170795389068,121.89078014780674,B
-104.4122226554025,98.63921018322473,71.61615922919682,112.17062922493517,831.6809076903744,96.06747820951091,B
-284.2033537556209,109.38178195328169,90.80071734680672,74.48049744019298,839.9584681926137,97.95747756234285,B
-349.079386339886,95.90683834664782,94.02342019547261,78.31974472118755,990.739364151955,120.99948908860026,B
-373.9200444006792,106.09203634232016,99.67423327326361,120.19229654653415,871.8729612275379,103.3021572744907,B
-320.90913323088716,84.0870965022179,84.37678783429156,90.88553401681165,909.3349500254199,108.16990299575907,B
-229.6284669955361,102.54065256351464,84.62116998117916,110.7383940611528,784.5488614484457,90.45626182743632,B
-719.1717783648842,94.42709942857441,130.73740714989916,96.21280332040384,873.6824491416785,101.09612980761035,B
-517.1265221096738,92.71648939594958,108.05735135578085,77.5105876766681,1041.514450650728,123.57163532634762,B
-338.40954719477793,112.82033514719703,99.98690225081678,103.18571658841637,701.8740675168893,79.53419276509457,B
-587.3102410107822,108.96480904590088,123.08947192944873,111.06552367030291,792.304526251996,95.17553962796318,B
-782.5645741756274,72.30100854626279,122.98748191872069,92.9554001930017,833.1094222047527,95.42303089631775,B
-378.086703855099,103.07799010162618,98.39622004728204,97.07506922481792,1003.2676444646215,122.12967366059493,B
-559.9424766825322,85.10033842567131,107.06734224604634,95.4112162398491,978.5761453473303,115.94657047697514,B
-342.5651665029675,104.82483536874425,95.57924730668321,87.96872339772455,1047.9644688605872,125.98845715833951,B
-421.0958159669302,112.3542575638757,106.2068210535403,93.65233262163908,835.6154124586661,97.42795125202538,B
-157.5165871235356,112.1729403216505,80.54762066872333,92.01510792552277,963.5989205466894,114.24531181213585,B
-295.07037820498124,85.8616208043427,84.11278280637,98.24626441886409,789.5829978160341,91.26737133021805,B
-715.6911983830845,73.03484067157837,116.50586712189494,88.92864058056246,801.389818614261,93.05849576561269,B
-448.7403859570418,106.40401851446315,108.71367406420688,115.00762689031022,760.5176263500474,84.29705474726494,B
-309.0716845610548,73.65821095761139,78.2530242466502,94.07091970424526,608.1160787168509,68.60942745100905,B
-4.213592894097133,121.57059479735565,68.84841643158775,138.50942568708587,1007.4123247909395,118.96888641311759,B
-647.8699638919637,98.6229571004941,123.46839986205723,91.24044092037371,877.2523293272374,105.62253218024121,B
-596.3984885242196,70.25469683759647,105.0212134599704,93.53825834551746,1020.2770391513686,121.24539087691561,B
-401.0466378274348,103.47810563101237,101.97782308151433,96.07916098516117,801.3083582776694,93.35645117432499,B
-134.3076190606207,98.35152998838728,73.86648831977183,89.787073961918,728.3199524427496,84.68173993793725,B
-524.4710042032226,88.86350651034323,107.28782233250587,93.86600950969358,833.6092748450562,97.18227715947208,B
-421.160367772174,67.26826976678684,85.24289458758706,93.96835339579913,709.5166067806352,80.01320120318394,B
-412.215631613861,100.22919614232312,102.02511536244998,92.17431055840362,997.5161660274376,117.58111735398674,B
-307.49712228226315,73.75874074261526,78.78242859596841,108.68796049609145,917.6412271063032,111.5570628249111,B
-502.06509805826283,91.49188171957637,105.6025831004358,97.062579388618,857.131315903402,99.74929816727033,B
-346.2975546845855,91.02730058390677,92.05117061993994,94.57748665184286,890.3655228333146,106.04292442318715,B
-663.7934175020656,92.56630378058897,120.97444825630753,106.85494895916833,638.2203338046043,69.08154244863206,B
-244.4850985153647,106.70845269882632,88.26972176825511,129.11977199798096,984.557860109451,118.36088155647639,B
-120.97186934733406,105.39659518579761,74.62769713714785,75.77874492876899,955.2593258756286,114.34207440405171,B
35.77568713799212,108.71457236499343,61.38318794080257,111.9166567062006,769.7094789842847,89.7723502546745,B
-445.47100872936574,99.45364526819084,103.97907807094602,90.62942660575602,838.5027879016855,100.53368618903495,B
-481.6031375352163,88.16537313773698,102.92904942503009,101.42943615432135,1026.4528138707378,120.43200353460225,B
-414.930445400497,96.32695184994009,98.66813305313826,110.32649329907629,848.6267100604063,98.71415035237824,B
-503.19917019757804,78.31145781944342,101.23766848425515,101.40539908396761,937.136018035794,113.34223494126151,C
-646.2111133212136,83.35382598911947,116.10448576929014,104.2710476515239,801.0696810801273,95.15101075316939,C
-540.7431006082074,107.4547173762115,118.23795068434858,110.36777224230202,801.3195688449794,96.07682529435766,C
-497.1726941650122,99.38753684102527,110.24904054574468,103.36521130232622,993.3641174498243,118.6551972671249,C
-273.42554509901277,137.1546027664462,106.7369146567813,101.86237902041916,769.2212748172838,89.87148286642429,C
-260.086031644365,121.08637174851222,94.13506644426145,113.8674326618032,904.7155530875546,106.95510404520367,C
-706.9620004191852,86.17294808823318,124.83173773228661,100.95481448609041,822.6294815767033,97.60897314535676,C
-527.5611597894281,91.55061248812216,108.29942686936366,94.49647514158853,1078.6925624312453,129.98390286977096,C
-148.9830836863456,100.41577369180298,74.67968540616592,82.40560220149726,1003.4056631733357,123.2615812842543,C
-453.4166391167412,108.63403895764134,111.25914001319524,69.45334261985592,790.5382916766175,91.4128122611524,C
-320.56814121964044,91.95471056935979,87.75310963264415,83.03079357672854,787.7130165634478,91.8907238239543,C
-586.6910903328588,81.87063884305765,110.29736359901923,95.46806895181739,932.2546156365838,107.92313204433421,C
-345.52730407783645,132.07737393599302,114.2413923090144,97.46671447812284,997.5232214426535,119.13590582443639,C
-454.73124887963183,92.11551482810148,99.39100573311842,118.24028724337366,771.8159109800356,89.80117965758774,C
-436.65605665405724,108.60822891278846,106.13842616036752,83.73610491553588,897.84827013129,104.85089653300784,C
-493.1404476444542,114.93816560639561,116.4247774921659,72.02939900450046,800.8172463732899,91.88524888518872,C
-373.6175378241833,90.47864972276385,90.43564451791933,100.24516344253264,955.8979321523293,113.3906725790755,C
-330.3047115146941,106.74069753916665,96.03210995780796,107.98642433314984,947.7954923647782,114.82678479043405,C
-134.55990228362737,111.55286237963273,80.5860444249133,108.15183619008715,844.6683453394185,99.08652494427629,C
-328.46596650940785,123.30120920849757,102.27152700391079,95.83980379666062,1002.9066496018909,117.43622319391386,C
-250.99735228678412,105.70316686527475,89.65068960026257,68.01023404993228,706.3221558230974,81.65460946960081,C
-221.94501742593297,117.45344309719411,92.2315753698013,84.57706750836377,711.9060984248899,85.61755341132424,C
-153.30461299289084,110.82505949765707,81.70689562996486,106.43702672633914,812.9647458371749,94.35283026496823,C
-323.1179413870509,117.6075416755965,100.19704770083993,101.58962810048337,863.7099679550365,103.39660814889017,C
-306.3125298451745,100.30470817130266,91.44305418131806,112.03822454267403,849.5979272579985,103.22961603916426,C
-219.94816597828344,126.23671973428378,93.5158960915231,124.81734656579381,926.2058918375235,111.30992376255044,C
-335.58907207366667,103.47461015836954,94.7470247143308,104.94914596947852,831.6586862919231,96.41659421067621,C
-512.9281874613478,119.82042364668885,121.64926451201404,65.50701841316263,892.2645891871738,107.98539582121944,C
-701.6674641430482,85.97353509551724,123.27606562330166,105.01023918024507,961.2215900202681,118.00988920341663,C
-124.39172150107561,111.84081102980791,78.17964893929746,103.50130283374183,725.5811818401943,82.39001533507614,C
-506.94895201953057,107.53196858859837,114.81070255111284,104.32606706445317,1038.1470020099273,125.54464250380919,C
-492.46219926744004,105.561296632255,112.84025139829518,102.49523356364814,1027.8455383548262,121.46340269819947,C
14.788269570454645,104.01865868983715,62.22012120661114,108.61533117493553,888.0353546178733,103.79519507146863,C
-425.49700071606696,115.02686317907006,110.54605292511135,100.4582921470996,904.4645887932181,106.19703950731738,C
-593.7071423982914,92.10915848354439,117.42435986886736,100.81816398459154,807.6836406354554,97.0619276075889,C
-391.3544310554495,94.17681642478135,94.08000825925815,103.7752435629842,885.233626511913,106.24948132796794,C
-481.9762363736827,108.4969133861934,113.17356508347075,92.00135830383435,708.8303680748884,81.38278095301709,C
-376.97774816901494,111.75776150632743,103.89434572280173,122.02615419572267,889.5211755060384,103.75307150379625,C
-485.89200150677107,98.22588549902034,109.19954853546658,114.03586190767204,840.9550697696274,97.39719455831224,C
-322.21081572957553,99.51804306834757,92.47673587596498,115.59871856706111,749.4787136210999,87.58278627978034,C
-308.4191664309245,96.48941294177328,88.15266459839376,105.11728212013936,743.4185057643538,90.68046454624023,C
-65.5555001806539,115.10855675259613,72.95874388558946,75.77475205148068,750.0803606976006,84.04724756911106,C
-382.6867303098014,86.70564090997406,91.56051969794356,103.02902779612452,944.6655713194015,112.8902286247332,C
-512.5913834072715,107.25775762654743,114.86068712727209,102.05319839011959,647.2247210766477,75.4462562282992,C
-417.8115989588272,105.99226216193962,106.0355204681468,93.7261330080479,914.7991806693859,107.15599394256026,C
-436.46592660615,111.96672391169506,108.93478749932666,112.21742453117294,775.1790024482415,92.57535205878034,C
-506.42797565829653,100.4362770549354,109.89421648553133,122.75080469375666,718.9652899749511,81.79521815440282,C
-630.5352702541039,108.5287446186748,127.99579880706159,92.12600526132822,644.1502640046549,73.93913825846431,C
-165.9646935444838,85.07148842496876,71.15424098546154,88.12309232697189,722.9436990412738,82.80639541733622,C
-365.89218888390303,101.51582359234229,96.11600629311712,75.31325136759838,686.399321746411,80.61943696173657,C
-90.43512454136521,105.15645972824097,70.40935842623512,118.38680157189843,967.5829966828819,120.90391855450929,C
-388.82019222550605,101.40457944205323,101.14973329156538,91.44855157188915,1004.1089105654866,120.56738877206332,C
-348.2956492494377,119.53475288180674,102.601107501422,94.06996737308259,822.4945907344237,97.78417607489538,C
-322.5509424376064,100.43420598398096,92.51135760273016,83.04820953289241,1008.7650811745026,123.2961073710644,C
-383.42001933874747,127.14621933768697,110.86797947727223,98.52017128078279,837.5150804219923,95.36163030896847,C
-289.70536539403736,100.72296040647922,90.10459894497698,101.77328364757226,799.9302578252966,94.2337262368447,C
-351.448180737823,99.02745483159819,90.98572753587483,78.58063131633855,785.978029377784,94.24040340890215,C
-476.1523210123145,120.35085429158664,119.14311690645025,117.29765570087882,873.8916213766379,98.459073580956,C
-585.2767676200565,69.87197785441785,102.53408098640816,75.11188882529324,748.7451612686654,84.9518911056329,C
-271.0353597176505,110.86956431670158,90.79560069674052,137.43686415560387,865.0247517536845,104.00980029858545,C
-114.67109771258583,102.58437762002967,71.06740230774976,109.23073627906041,775.6517092731648,91.33881521692453,C
-661.4594158991268,81.71217943781873,117.57618881757952,110.60816107875192,870.8078320426317,105.93957986374922,C
-392.7999883755882,95.3986211839011,97.24048413054105,100.77845065203796,903.8735542237771,105.76754111097337,C
-415.0240725312432,88.8587161901,95.06407927108411,118.60196067647951,901.4650825006369,108.21526345330986,C
-532.1595015232197,90.03057369188949,106.92436488156424,91.90989426828426,867.3566209171547,103.74046670243288,C
-530.4306000206323,67.87265393920306,98.9646981431842,74.32625708569216,689.2615003757332,78.61859302882739,C
-335.95092784469955,100.7199608271265,95.96077882406482,117.58371703745384,891.793647842991,107.01819300628551,C
-456.3628698477694,96.06904620146211,103.48419168326565,94.7471133650376,780.054508394228,94.25365561127093,C
-415.02228059372214,113.29598601341823,107.80308958068534,86.10659623516688,711.7236472576157,80.03949329086686,C
-327.2300991278985,119.05928422147673,103.60595163429323,120.58330080189461,787.8923356392914,91.89222231864468,C
-470.97859774449887,114.33848118011767,111.44352156281778,115.5273332939328,840.3090786992649,98.70227576392134,C
-361.3430758633874,113.92629868934273,102.63341826024727,98.14983093738513,835.7910311607617,96.93402797114291,C
-526.40779627181,66.56872815705097,96.68502208221766,76.33152345350915,974.9145445534728,114.97909013055121,C
-506.2814314049317,85.20001366977607,98.93574721875358,86.27460366966646,748.5180001136024,85.67906871699277,C
-366.0543153774403,104.97076282876387,103.08892386489705,104.04205721050846,766.4675022486515,90.00471165139193,C
-523.183153459277,83.48370090743828,102.36380377472842,59.92636150060461,1007.952506504931,121.63345844859644,C
-196.01302866671267,126.37026868384945,92.29638925092166,90.21653243421994,673.8667798029871,74.99954465981523,C
-158.08485037156163,114.02048442773459,82.27739712081683,120.41083926183164,672.0932436504675,75.77376186514057,C
-521.8809561546713,95.73040555855678,108.1687766073802,110.83080564531895,815.5961460122509,95.27428492757954,C
-395.5354285270803,115.65103006073792,106.62642834468475,131.41850435150272,677.3709677633307,77.80379204877266,C
26.19164949865251,138.9413429766868,77.3221808338053,103.84185493009032,824.3867118252422,96.47085912719518,C
-224.8775316657791,89.16778967339444,78.77232582712622,108.53235929631613,710.8279049555503,79.93382143813746,C
-384.4488580573651,88.36024766906233,92.43798592527398,115.92529165078025,825.3169853837649,96.45192225149589,C
-379.9874165271108,105.13513277776126,101.32791954415252,108.38496891160807,939.2764620219896,112.13081520549848,C
-449.24980642061644,87.61740506343162,99.4026083650647,93.30050508849055,784.3521163005677,91.3807185823723,C
-322.90510969919205,101.8568772215769,95.59586202740803,100.8721275759195,971.564647778237,118.35026239118613,C
-193.66654766033366,113.56371324963882,86.87422962668786,108.62132501145776,933.0213032717058,109.21983251744949,C
-453.93061185797234,79.74973483835228,95.3477348007003,106.2504446094995,717.070642591427,84.43084219729454,C
-102.76885107299404,100.06494310528345,68.48374752110331,96.3656426747956,867.4445956652148,104.73888567264761,C
-541.7750601193371,103.37451706608084,114.43412573107699,79.17647775133298,593.5103617330957,68.41748569696671,C
-775.2307241625626,76.046910479741,124.00368722854542,105.70538426974815,697.41785348451,85.68693239272037,C
-625.5418280076253,90.0729378510959,115.00585815162432,111.5438075867139,676.7744963329374,77.27134427821838,C
-304.9835440726249,103.79332167772078,93.98876657147116,95.54679728452932,926.229665458274,108.42341641497208,C
-444.04309897882194,100.28953858830599,105.09603732320363,106.8935950347598,717.2022942864965,85.08705829464718,C
-184.72079507563433,94.52877525093967,74.11670780413526,98.14485854109728,787.0467555395105,87.3317528884947,C
-440.0025747613479,102.92380086332717,106.32033847732822,107.00214048769038,870.4761641202621,102.37131637179515,C
-592.779614092248,98.79341401698211,119.23989022876961,97.88359534759977,781.311722377286,94.99606958126665,C
-374.065390314943,103.75321220521272,97.82162585816975,91.97438095161799,895.7263133305125,110.14446291213741,C
-478.9930729871362,95.22753074612798,107.35229122010405,92.01614751659883,750.6441051315028,84.17076122271826,C
-837.6635789571258,81.89092951495206,134.05191822371188,123.65767607918946,679.5818041171908,78.32697169088792,C
-130.7258899615647,79.59658919032591,63.99966801515079,98.64871261982351,882.1359838408953,105.60018338626067,D
-711.489544614559,107.48198654711865,135.36120775133836,91.29434556447342,869.3059581202832,102.86581343664332,D
-285.2924709969626,89.27934691218128,82.36371086714232,110.70468964056796,771.2876968201406,88.0892316949311,D
-278.46506805485876,112.41497275413558,93.47831932372985,91.48892032331962,1006.962145813869,120.588701601655,D
-393.38449892138453,95.31318373222209,96.44631973974884,111.37420476326972,965.5540564436152,112.3498811960402,D
-396.7133153160944,118.93709561922144,109.04735591190855,100.17417401168044,708.4897555287275,77.70884155175341,D
35.650369257654575,124.59613369661085,68.72103477086944,100.50259390842126,833.3758434006934,97.40821483715315,D
-426.4264152368879,87.5154041846055,99.54057817571402,100.95559314246212,952.6735321859605,114.48819011358138,D
-357.3382126949962,98.83616995153413,94.3433642967379,79.60019609666958,674.1943101327814,80.63855974559215,D
-495.1685357206697,84.56576071896968,98.93272543518405,90.92258831865762,963.4243737109372,112.71405284199585,D
-517.2276336952035,74.14886649206116,99.90152454264717,94.29892153200309,946.4797322551383,110.6523280640291,D
-394.0293758700759,101.5021385345369,101.1156886300591,104.82432842261849,862.3931811890404,106.09863994856985,D
-309.8525612715059,121.59989480445556,102.63344892631476,92.67007767606921,832.1811581916119,92.38553590977402,D
-590.191225577245,68.68502002321537,103.39016832150614,92.76260237550868,1069.0441148485847,129.49752729752814,D
-619.6698418298362,112.39079870730434,128.80204032525717,110.47350604867617,640.3310551254058,69.97765700984586,D
-467.8303005079392,92.71678119868031,103.32017385144788,88.44948338675148,653.6146340534075,74.36209836355859,D
-407.9177527155082,118.76999811326388,111.47279955674443,130.26110543733327,909.0537228220691,105.79413503892738,D
-402.9591350809494,97.4984781886115,97.73380962354312,101.42229359051058,886.8901954177584,107.78208300762822,D
-190.32064369775844,111.69322524279899,84.15310026469317,99.3750464333625,861.1766880538353,102.46749347844157,D
-486.46822547977797,110.8872336477807,114.66679536397143,82.30720812498393,1003.0077160460246,123.49469847576879,D
-610.8807500041223,76.90029809247505,108.14964581834255,98.15643335661308,737.1366705664238,82.35197654263133,D
-420.8707938434727,142.49777136161515,126.2254459592896,118.89497719183974,792.0941765648956,90.04338259473975,D
-631.06113418373,72.16474415527755,107.60226344853963,88.75422455728818,688.5378147581896,80.61990181241305,D
20.392579826453243,153.3217819614585,83.67747950553017,83.69430749037495,822.3404475939002,97.26722111289467,D
-336.3427254814351,78.93910573859779,83.77683940962676,95.65093520862132,994.7596850994391,118.89936082610407,D
-0.020759173653686958,132.4670543412683,75.3624166162241,120.70272356777957,893.7819836602101,104.08958627478177,D
-371.5519228306447,93.1761008861401,94.88346239529562,103.52630176252403,919.8425904154204,106.30417111836161,D
-260.30930600123725,104.91594699271782,89.31232475550489,99.21370607074081,722.7067492079121,85.40244983167511,D
-462.81298210299644,106.11658280271992,106.78266350779467,94.49703290500288,838.5817428796494,102.48117391054076,D
-303.75005115991905,98.31168374049652,89.75055732375847,97.27340950269267,839.0972279058641,97.17868402252294,D
-771.0161871907986,110.58201055918782,142.13561144447354,106.87275475715307,714.2358085968469,80.79499502389575,D
-596.2768529786298,84.83170795986274,112.86492489996333,89.93339055870801,831.2001681443456,99.68395992635337,D
-336.05114469734133,104.06967253301038,95.8995644512974,110.08757211635508,791.6010627825909,94.19022859497922,D
-480.6676061896769,90.78859792747171,103.00495717588423,129.73677784871373,597.3120788591228,72.32168484460891,D
-450.07848256844125,87.77761079082336,96.47366571200172,118.0559212791543,866.7527807262031,104.86306035897495,D
-266.5745209443659,96.84452683354493,86.1587014435781,95.66382057120104,760.6358748797451,86.47359000830699,D
-277.61308205112766,98.97601418846531,87.6429070903369,82.63948232048148,760.5230297795654,90.12547360301093,D
-570.7468013895189,104.77724603915908,117.78976330742167,131.2356669292587,740.9541923559123,84.32451451142485,D
-276.4417211246662,97.53829399410073,82.13263048045064,100.86564373094686,775.4593984013333,87.63328118524805,D
-329.28244390086115,87.16433209356381,85.43788351241709,73.04573307155354,958.1860606652053,112.84696504536956,D
-409.16298302946893,107.17793778211538,104.35480859656322,97.48808797349626,755.6988899177571,87.37858021645441,D
-169.9547173426837,97.84854382253086,76.35206379847581,100.31792586542772,881.1905843096149,103.2720753300759,D
-326.93101537486166,112.03320097641691,99.20755893302578,95.60810307388333,790.2058679491407,89.87887595120206,D
-418.95765237775186,82.05910612236016,93.82185061514551,110.88365018229375,827.1950265153308,95.27514295777078,D
-508.5001844918336,91.36179667498365,106.10385703975054,107.3654448922528,857.8157436286313,100.9072930379385,D
-518.3210143296787,83.32164128486579,103.7972548138459,109.02539110059642,786.8098631547186,94.27018008600085,D
-476.24839111028064,97.17673977483788,105.88562414893106,84.26706730068237,625.0938215312087,68.60697152161296,D
-187.23574501743417,83.16819099305397,71.4795612212096,105.5188804750827,876.5947794930684,103.95225343703405,D
-193.83910990740094,108.18247046165152,85.27979640324688,115.80135058149543,851.3803171079622,97.15306503172707,D
-311.1138846445101,102.10488947283093,92.68056536753154,88.45665717647489,784.7546724510149,91.8388896879461,D
-357.43873593536796,94.06417674973996,93.81640147353043,121.19744877396448,996.8418386447092,114.44163342432915,D
-470.7009525282158,102.89853846919146,110.78169866099651,99.29363151208902,933.3989591152513,109.59327409479016,D
-108.62962843334583,110.65144719525446,77.22654756807593,103.27892797168595,822.5520761619941,92.85100829201156,D
-777.433833608868,102.84926317306618,139.29005949415955,93.36210320499498,933.1305120418135,112.91837600899294,D
-330.26837658881266,94.71984275089864,93.1696141551813,105.19014949181785,882.7607046399038,100.84175241928632,D
-216.90713760867777,100.17486071312453,82.31591064640193,84.19543046716421,929.2278128685057,109.83901001789617,D
-360.2244679976833,95.33616015133383,92.27091483499338,114.28180407501235,738.8948621000668,86.02479341300005,D
-283.94396816453946,121.98810761140477,99.47056971421478,125.99065115749563,878.0556595637552,101.92731836890529,D
-418.53206602455475,93.97532174154412,98.25883778964808,90.5649979109794,838.9053542161241,102.11270878447077,D
-339.5291410529916,103.09044460211443,94.72417030572461,92.42674998175488,556.8999935875493,63.60702842814349,D
-415.45050979998354,79.63434846807517,90.82515170827682,66.63967722619537,860.6647063942563,101.59005944724176,D
-277.25899167852447,106.80110388502885,92.46667979211374,76.68027434650426,867.8408661067286,102.85600759273632,D
-233.22182840020173,93.13174092092777,80.79640283220502,80.61287118806105,785.7220186604683,92.14785415670559,D
-325.529627404135,78.36986576124164,82.8708348237915,113.77481036304395,782.522018431895,89.44301411198626,D
-599.4503963490345,77.46502879237808,110.76763454650161,83.41403107786698,680.4081985005918,73.63805562899124,D
-585.623292569948,76.35017237989913,105.39814070748746,116.78433624196262,770.8513391513989,88.84775310088712,D
-308.3717144217694,93.50520952845568,91.19654092947785,86.88774353543614,902.6132664528872,107.38715062495493,D
-414.5467239910556,102.0768876314401,103.97015927577155,92.09865480956702,484.9857926309666,51.19109884331646,D
-342.1444892992231,109.52189307550492,99.35093117371694,116.10481137432751,840.5725098148107,97.92867223381965,D
-505.196587704631,75.05136915232741,97.61297201573986,93.57192687785572,904.5009441750386,109.55130938118029,D
-445.6551517883937,106.49774708691123,109.6293596882476,94.9321259903959,871.9295403115939,103.37902701618914,D
-618.4705536598151,78.28130400817652,111.17490513140002,95.5606461504448,1019.7779401548528,123.59852482152404,D
-183.63293088548744,97.31971799055323,76.64314944207425,117.3160593721029,884.9875867594602,101.89900816785602,D
-346.72126100311675,80.01938539433962,84.5032765729456,102.22602853423304,910.1768535696114,105.76456067116908,D
-347.7934645889811,90.69565348840085,87.48038730928057,82.1576674040463,946.1337313894592,115.96292082599996,D
-332.0988937186063,117.88814240005517,103.94916341223527,75.68018038305591,949.8616346346502,113.25822114364412,D
-497.44441866406373,97.97082723533913,108.25070065263267,121.87047176607835,766.0933476686275,90.5153317044148,D
-390.2495297521192,106.5739018800598,103.90732299411566,97.03964305130108,800.1624875315528,92.04801246296293,D
-550.2038549688639,104.74338930173359,117.77000343354923,129.9959661115821,741.17565722723,83.69490114149004,D
-478.6241377346534,81.06923995573396,98.19197965241678,101.739983169493,916.5105680957009,106.80745160894823,D
-491.66925661468383,94.50411424312267,109.23738041042368,94.73059412510918,794.1678223384645,92.28472345653553,D
-342.2307496003717,116.32217782392064,102.52222128244468,71.07663695026196,899.4260869180843,110.93325279531003,D
-467.0281967924101,97.0028635570112,107.69299255540203,81.95926026081364,844.6825141912226,96.76417097711686,D
-470.4676350230061,119.58718870298448,118.25952556073263,84.8567795242941,973.1363345950424,115.33042070403621,D
-627.6694063301408,85.72533764294765,117.37395496789307,91.3146323774344,764.9995308844365,89.31536991812897,D
-208.346636450402,102.95311822901992,82.3112304920984,92.14667696473106,1054.0158742346575,128.15763335843826,D
-656.2563079978929,93.99213692681764,120.56474424113485,109.18008326183075,842.1619489064003,101.29592593522355,D
-855.5485695552708,84.30326909604595,137.96358451354752,97.49124769940698,974.8514406854539,114.90858625804402,D
-805.6210398426805,88.82394673890772,133.81722214206252,103.9135179415362,719.6632000365205,83.9623050626822,D
-134.65514776184455,103.38850255621738,75.10381380539464,83.89442643319526,716.905831496867,81.89676156454959,D
-565.0506566134701,79.34724294601963,104.3919303320437,94.27340063172541,899.922007173083,107.45828860774185,D
-565.2734795751117,73.0942634902122,103.4542461581938,119.53052962207039,808.5774526609606,95.04517989169997,D
-345.7457406687224,86.44401550374319,86.38286339969018,92.5865610704229,941.5670065285113,113.74931576014767,D
-158.14582142383233,130.82312685570383,91.57452526145562,82.00470204519485,783.3987930831927,92.0309940891171,D
-568.1460683684061,94.83232078775694,115.62677552588296,121.08805733896183,815.0722727384966,94.75441268014838,D
-523.0327767966932,128.78744565468224,125.46622161039625,86.08306085565349,842.8297171590483,96.83029159299664,D
-284.61054301395404,82.3074469109372,80.16073828382133,113.68178644790846,863.0173908107663,98.49870208753643,D
-355.88193182685393,121.37679697478637,107.73671118574484,102.46027455502606,1085.2296466200398,131.9238749146258,D
-536.7431949235568,86.08967440529543,106.86830208059087,99.15177435999108,891.8468629854301,106.9166223195117,D
-521.4754642249801,89.30842252582315,106.23512297384926,62.09336546448958,882.8405679376824,106.22160910134713,D
14.992739053196487,89.97999937334146,56.097740608910684,99.5911536637425,840.1539427805553,99.50967860595394,E
-512.9204434031387,100.15756862801452,108.85988812100956,109.63826069219087,901.320745899999,108.63209910741502,E
-382.3320453828103,121.98716309581728,110.03318911214465,105.01848660969145,634.5873498327404,73.37911171782127,E
-234.03657642242024,115.22780959462585,89.94732049125149,103.42663445931784,868.3814814819528,105.79392153560728,E
-296.6253424727215,91.41989867168323,85.81671829446343,80.85626214093327,827.0252868970045,98.15036089323483,E
-561.1503733295983,65.09575196046612,98.37441393152638,113.82367303953144,721.8696064552181,79.92762434082621,E
-523.3008833714135,89.83921111222377,109.62780057000833,81.92670503547077,786.3179251674463,92.06673663259221,E
-546.1922286465443,91.30831944561325,112.87350644483962,112.28513281454559,1081.3353927482237,132.63668111339712,E
-209.34582684439079,123.94378858551218,95.44527820348223,99.79025679786326,889.5165989567649,104.87193055945254,E
-286.0416970732924,122.00458232719556,100.14055593924536,120.63719772283575,850.382910188179,98.43477838410654,E
-314.40663042040376,90.3934395314641,84.61273848486572,119.51894259748607,783.033088556084,91.68366646318545,E
-506.92630743117843,88.898852498871,107.42216496280764,121.96495219898762,793.3314999806107,94.40456079504969,E
-288.52751883872793,110.61305877227493,94.5096274801541,113.17546279363991,960.0714017373923,116.12371882668184,E
-230.79071582730012,128.7114600051274,97.80100507158217,96.02441817252512,1028.9467793872789,125.4911669144905,E
-557.9462085923849,88.06149054777671,109.33912649944152,90.24008588372948,887.9324694962936,104.15187292056319,E
-567.2319902547279,90.93827609275793,114.22641786795045,117.75145807444918,818.0576418594483,94.81323589936292,E
-331.27226965747843,84.8358904906976,86.93602760878424,112.68868012856363,770.2783951604404,88.31779419328194,E
-464.5062258755896,106.45118664335072,109.05883154198601,93.13420722525821,810.0918111600772,98.42828143750162,E
-422.7764669645551,105.65805491448609,103.86042698487007,110.68373703115746,889.1791701884006,101.20861118577898,E
-169.06248749223914,94.80676030518282,73.99236398276356,112.59469428412316,886.6949424315577,107.81020598475388,E
-271.2018300091112,108.15812505406679,87.24704618906803,60.48800991955836,817.7470347932532,97.3767529734936,E
-246.64582460758038,110.1391074053681,89.70953037290307,116.27307116568416,864.641101130675,105.54519634013673,E
-348.97242920959013,111.17719920555157,102.03826120096328,112.4093674580171,925.1912499526311,108.66773472970142,E
-631.1037395063596,98.24955129583671,121.81455858022645,139.82787930825654,936.1744932906637,114.62497461901654,E
-575.9491334383758,96.43653245277382,115.39614136763508,71.0975922571675,655.5914841252069,72.37372969184833,E
-251.17439314684805,109.45755505447895,90.500681965625,96.90756530284479,1042.8586167950582,128.5512882380765,E
-147.65705409693726,119.23889939105504,84.85831701365919,84.76104734071853,738.6369115465059,86.52562064276961,E
-505.3459086858438,81.3309935350466,102.0057717126048,85.74015884096268,827.7724764633551,99.06358176781096,E
-584.6338771271761,100.02685390157174,120.29546119480031,85.45616406443865,794.3508371239768,95.30267218038895,E
-184.3722994353957,101.37787480441688,80.5205234459256,63.263111354168025,823.674067354319,97.82473185482381,E
-214.3682271158507,109.3722510385891,87.6580669784629,82.43995076664251,932.4483133716215,109.85390277524371,E
-367.70001480906615,128.26783808964086,110.7463580891487,96.42277391514251,891.7255396086487,106.43203282348713,E
-624.6527690080063,101.37897526001635,123.9058351544633,118.39225935326535,747.589786767659,85.74360645505563,E
-731.0992104583434,91.79128560181712,129.3471644122885,93.74801843342284,881.7795178393031,108.05495737555086,E
-412.79844691933465,101.60569737253161,103.18467110073827,118.82186242357054,861.9264245587976,105.79429594865046,E
-362.27350903406216,93.10741018238451,90.10602361092725,100.16921989401777,795.7615002554736,93.64160461356862,E
-358.1012325409006,106.47712653576858,98.073787408849455,105.49214707631201,915.271655075175,110.4652766288913,E
-443.6450145099669,109.0455092439449,109.30152932250581,99.67635050641573,794.5728822066009,90.18594863891262,E
-383.23509570963324,75.65903966384502,88.87178865525983,98.20806078781892,571.214397604672,65.41933466745493,E
-188.6956460323139,95.4552775809155,76.71006930076582,123.7220780527878,745.8146909183715,84.7002522751821,E
-796.1581516729566,62.43027213518047,121.23648029175357,96.08925772257945,804.8634848777434,93.48282447613866,E
-344.6560531030233,107.41888867324572,96.30410379594429,107.3950172357058,787.6072619270242,95.82906206121056,E
-364.858829530271,96.91640289055164,96.92340836419392,86.71382358876548,794.7367390861172,94.22058955687176,E
-199.24864520152073,85.74287888541443,72.45204950542008,100.74724704026917,908.742821255874,108.10194000600363,E
-755.4063398399497,99.39133762707421,135.69086459514097,111.95806515887423,824.3305554911947,94.86720318146064,E
-456.39928317501176,97.8974818538839,104.47483623315014,98.15454764240094,875.1372564796825,103.54560391102878,E
-71.22168511656821,125.56362393544549,79.33775187706208,87.89005474128304,805.5323675686287,96.81680618412476,E
-589.836153085923,92.90606721429911,117.30700590332732,111.02263320631354,806.0819452665928,98.39033612545828,E
-383.23195591340163,107.74288398713551,104.61606766157055,89.14639711581121,1008.2836349034895,120.43116233684975,E
-423.28156573138426,88.76131575761914,97.87114109902178,72.18454606103768,702.139241154712,80.00872171242032,E
-705.2347860585395,88.16039622965391,123.9518054148362,80.35786646005138,1066.7931249201094,130.2907232181439,E
-170.8469530390836,101.53153398643217,77.11339086406674,123.17063901925837,864.4580604260185,99.91414420292773,E
-300.51997420525265,83.96584633055275,83.47335748108884,80.34565482133036,998.8482596611196,118.53363682586124,E
-550.5429995223129,97.75310460296113,118.38892435572485,107.60679103831755,919.3177455884722,110.72744411515853,E
-322.38589566445205,99.86623191327574,91.95124797313659,121.95497877565754,945.2045143709095,113.43351986585344,E
-326.59893876620333,103.90775073298857,93.2692742230796,109.22828114947265,858.3490602493866,98.61164096726758,E
-560.8100429485655,88.65954331916939,110.19437616477182,79.58545413958764,873.8661760874622,104.09225642077533,E
-635.3762708585394,85.27774114427721,116.5831394036374,66.96564221467314,875.1036007715245,107.86375116631643,E
-746.6968494074114,82.40418986644313,121.12922344224958,85.36270677550424,718.3136667171283,81.81208635525817,E
-747.4949874987761,85.80751974313762,128.71053871510216,76.92140910661851,744.4429101741265,90.71313462919726,E
-208.15214470833132,109.20500701025131,84.13226976906726,100.96140126282255,1089.249133451357,131.07833000780977,E
-536.0331508916182,90.60116572434698,111.11182121635812,101.67939248691277,815.9006625224094,94.48184804443838,E
-351.51175138544454,116.71441016812396,103.6744182692768,114.01101524214474,872.9526756557027,107.34166076585554,E
-498.8050225950532,91.94114109439904,103.57072767137016,103.46335969381958,989.5899352692086,121.51416734952525,E
-256.40801103139984,103.72821105766185,87.03225099322106,100.31510774834973,659.1273950494449,77.17235030169651,E
-92.47000920793027,122.70795669232294,81.16052775720028,107.36855569588418,757.8058414614296,86.16413626025832,E
-265.39091860447024,108.21289384723757,90.0506238650007,88.68077874236789,965.6043103049082,114.37506820305086,E
-324.64926641130717,87.81773739915268,86.51357989256569,77.43060773111057,908.6128626662589,109.58888374288607,E
-54.41072774716554,107.4928345212588,69.37501292073158,127.53862096987265,955.8045101692603,118.65872190621225,E
-450.32924140121906,122.84466119961142,116.79152186649341,113.42430341813703,830.8945727180987,96.36133708455915,E
-638.2134568262371,89.92738297608095,118.66739262174337,96.21105803999217,855.0152690400258,102.54772830148286,E
-379.453730289393,115.79721444946574,106.95175173692127,90.54463551609211,768.6747454213976,93.16498507514399,E
-384.12777452433465,101.36781070427823,100.01613011602095,96.5688481272947,843.3380720332152,98.1914002652293,E
-442.8225634889221,96.39489369494662,100.08822522229487,93.6110507339198,857.6643622959149,100.50230404613444,E
-683.066678678154,103.839008119604,131.93041132378943,74.64362646318334,1115.0069554393328,136.42264974033577,E
-515.8005789962589,97.32531856942612,109.93992478817049,109.127010835018,929.0067650605456,114.70054597867451,E
-246.6432301147995,86.02864169621083,78.21694239459686,93.65614755941671,978.1845942905231,116.89105028627073,E
-350.053245710159,99.89196127795448,94.89191101455627,74.04058180553247,841.2940192516586,99.44971410736885,E
-354.3505343306998,106.15266948779225,100.45426453258055,102.41244149337183,836.2272590756473,98.13849227908237,E
-316.4881508687711,111.47588713935923,97.43137783087677,90.4280691047888,784.0074145549493,93.6431681832334,E
-624.508879783569,101.7014817934576,121.97518030561832,105.09584620385324,786.4935808452033,93.72011486422176,E
-344.02177937028137,107.0057565922956,99.48087784761869,92.1466090686824,660.8005375440587,77.84586331815473,E
-409.7923691351116,91.99628110756694,97.30754765894079,84.46519122751918,815.6609250839898,99.21846830124825,E
-369.7675499555012,89.35403237694038,92.57549758613382,71.819139619836207,868.4913326152254,106.26039007270059,E
-286.2105515367706,104.35504074211218,91.79211087893518,81.61275638144612,884.7677319943117,108.22725308793935,E
-450.682414301726,97.68237568780606,102.30151886759369,95.10817886405383,790.1648041798044,93.32114377036108,E
-532.9627738663361,81.4661572617855,106.30733403360779,111.94570635475586,834.7397371337662,102.36163535327618,E
-612.1382090680023,85.36576393594362,114.46947835059477,102.1154326337872,800.6868637991422,94.72751662993892,E
-454.12920199418863,94.45741514816541,102.66722750416317,96.9929062526799,793.4526015605738,92.80132724827935,E
-331.8693064406838,91.06572928651156,87.54848834949645,103.3705291306371,925.5100965240424,111.75839153348457,E
-545.8128621900755,105.25098751313782,118.30159192107587,109.57196089286056,697.8967159496593,83.30487163481268,E
-83.27123426397964,130.64302150674789,83.784465998336,91.36497176833872,913.7540294068897,106.45749908749492,E
-457.48461805200327,85.79783693560289,98.01540800586989,80.4741861548371,882.4671236834998,104.65972650468984,E
-368.0636601037488,117.98309321984937,105.80066135389634,100.45556378461431,982.9101582019504,116.53977588122999,E
-529.7294081595245,107.91875989864687,114.52357954352489,93.61089730129441,860.5892848685934,99.22913393082561,E
-364.3390760315981,86.09043908033144,89.9057324282636,81.22180669083691,707.6077840727711,83.94425059167948,E
-635.2369490382608,100.1437268149288,124.6518825344007,91.90205680488182,689.4092643216675,79.94087711136767,E
-391.00635960998807,94.85327043075004,96.98749853323277,103.89764200138218,1031.963235195837,125.22599052067794,E
-741.6440628906084,107.00700924492892,135.78010343264742,104.48807422691954,735.2528563693118,81.9537432241359,E
-534.4702311531846,104.80255429783995,114.39053095392717,93.48810038685124,870.9153786091446,104.14960494564556,E
