<?xml version="1.0" encoding="UTF-8"?>
<project-private xmlns="http://www.netbeans.org/ns/project-private/1">
    <editor-bookmarks xmlns="http://www.netbeans.org/ns/editor-bookmarks/2" lastBookmarkId="0"/>
    <open-files xmlns="http://www.netbeans.org/ns/projectui-open-files/2">
        <group>
            <file>file:/home/joe/Documents/Prog5_PingServer.git/trunk/Prog5/prog5/src/UDPPinger.java</file>
            <file>file:/home/joe/Documents/Prog5_PingServer.git/trunk/Prog5/prog5/src/PingPacket.java</file>
            <file>file:/home/joe/Documents/Prog5_PingServer.git/trunk/Prog5/prog5/src/UDPClient.java</file>
            <file>file:/home/joe/Documents/Prog5_PingServer.git/trunk/Prog5/prog5/src/PingServer.java</file>
        </group>
    </open-files>
</project-private>
